H_1029	CCND1	GAIN	CNA
H_1029	KRAS	GAIN	CNA
H_1029	MYC	GAIN	CNA
H_1029	PIK3CA	GAIN	CNA
H_1029	PTEN	HETLOSS	CNA
H_1029	SOX2	GAIN	CNA
H_1029	TP63	GAIN	CNA
H_1080	CDKN2A	HETLOSS	CNA
H_1080	FGFR1	AMP	CNA
H_1080	GATA3	GAIN	CNA
H_1080	PTEN	HETLOSS	CNA
H_1123	CCND1	AMP	CNA
H_1123	CDKN2A	HETLOSS	CNA
H_1123	EGFR	GAIN	CNA
H_1123	FOXA1	GAIN	CNA
H_1123	KRAS	GAIN	CNA
H_1123	MET	HETLOSS	CNA
H_1123	NKX2-1	GAIN	CNA
H_1123	PIK3CA	GAIN	CNA
H_1123	PTEN	HETLOSS	CNA
H_1123	SOX2	GAIN	CNA
H_1123	TP53	HETLOSS	CNA
H_1123	TP63	GAIN	CNA
H_150343	BRCA1	GAIN	CNA
H_150343	CDKN2A	HETLOSS	CNA
H_150343	ERBB2	GAIN	CNA
H_150343	GATA3	HETLOSS	CNA
H_150343	PIK3CA	GAIN	CNA
H_150343	RB1	HETLOSS	CNA
H_150343	SOX2	GAIN	CNA
H_150343	TP63	GAIN	CNA
H_150372	BRAF	GAIN	CNA
H_150372	BRCA1	GAIN	CNA
H_150372	CDKN2A	HETLOSS	CNA
H_150372	EGFR	GAIN	CNA
H_150372	ERBB2	GAIN	CNA
H_150372	FOXA1	GAIN	CNA
H_150372	GATA3	GAIN	CNA
H_150372	KRAS	GAIN	CNA
H_150372	MET	GAIN	CNA
H_150372	MYC	GAIN	CNA
H_150372	NKX2-1	GAIN	CNA
H_150372	PIK3CA	GAIN	CNA
H_150372	SOX2	GAIN	CNA
H_150372	TP63	GAIN	CNA
H_160157	EGFR	HETLOSS	CNA
H_160157	GATA3	HETLOSS	CNA
H_160157	MYC	GAIN	CNA
H_160157	PIK3CA	GAIN	CNA
H_160157	SOX2	GAIN	CNA
H_160157	TP63	GAIN	CNA
H_160683	BRAF	HETLOSS	CNA
H_160683	BRCA1	HETLOSS	CNA
H_160683	CDKN2A	HETLOSS	CNA
H_160683	ERBB2	HETLOSS	CNA
H_160683	FOXA1	HETLOSS	CNA
H_160683	GATA3	HETLOSS	CNA
H_160683	MET	HETLOSS	CNA
H_160683	NKX2-1	HETLOSS	CNA
H_160683	PIK3CA	GAIN	CNA
H_160683	PTEN	HETLOSS	CNA
H_160683	SOX2	GAIN	CNA
H_160683	TP63	GAIN	CNA
H_160856	CDKN2A	HETLOSS	CNA
H_160856	GATA3	HETLOSS	CNA
H_160856	KRAS	GAIN	CNA
H_160856	PIK3CA	AMP	CNA
H_160856	PTEN	HETLOSS	CNA
H_160856	RB1	HETLOSS	CNA
H_160856	SOX2	AMP	CNA
H_160856	TP53	HETLOSS	CNA
H_1812	PIK3CA	HETLOSS	CNA
H_1812	SOX2	HETLOSS	CNA
H_1812	TP63	HETLOSS	CNA
H_1837	BRAF	GAIN	CNA
H_1837	CDKN2A	GAIN	CNA
H_1837	EGFR	GAIN	CNA
H_1837	KRAS	GAIN	CNA
H_1837	MET	GAIN	CNA
H_1837	MYC	GAIN	CNA
H_1837	PTEN	HETLOSS	CNA
H_1837	TP53	GAIN	CNA
H_2015	CCND1	GAIN	CNA
H_2015	CDKN2A	HETLOSS	CNA
H_2015	FGFR1	HETLOSS	CNA
H_2015	FOXA1	GAIN	CNA
H_2015	GATA3	GAIN	CNA
H_2015	MYC	GAIN	CNA
H_2015	NKX2-1	GAIN	CNA
H_2015	PIK3CA	GAIN	CNA
H_2015	RB1	HETLOSS	CNA
H_2015	SOX2	GAIN	CNA
H_2015	TP63	GAIN	CNA
H_2034	FGFR1	AMP	CNA
H_2034	GATA3	GAIN	CNA
H_2034	MYC	GAIN	CNA
H_2034	PIK3CA	GAIN	CNA
H_2034	SOX2	GAIN	CNA
H_2034	TP63	GAIN	CNA
H_2050	BRCA1	GAIN	CNA
H_2050	ERBB2	GAIN	CNA
H_2050	FGFR1	GAIN	CNA
H_2050	MYC	GAIN	CNA
H_2050	PIK3CA	GAIN	CNA
H_2050	SOX2	GAIN	CNA
H_2050	TP63	GAIN	CNA
H_2081	PIK3CA	GAIN	CNA
H_2081	SOX2	GAIN	CNA
H_2081	TP63	GAIN	CNA
H_2082	CDKN2A	HETLOSS	CNA
H_2082	FGFR1	HETLOSS	CNA
H_2082	FOXA1	HETLOSS	CNA
H_2082	KRAS	GAIN	CNA
H_2082	NKX2-1	HETLOSS	CNA
H_2082	PIK3CA	GAIN	CNA
H_2082	SOX2	GAIN	CNA
H_2082	TP63	GAIN	CNA
H_2083	BRAF	GAIN	CNA
H_2083	BRCA1	HETLOSS	CNA
H_2083	CDKN2A	HETLOSS	CNA
H_2083	EGFR	GAIN	CNA
H_2083	ERBB2	HETLOSS	CNA
H_2083	FGFR1	GAIN	CNA
H_2083	FOXA1	GAIN	CNA
H_2083	GATA3	HETLOSS	CNA
H_2083	KRAS	GAIN	CNA
H_2083	MET	GAIN	CNA
H_2083	MYC	GAIN	CNA
H_2083	NKX2-1	GAIN	CNA
H_2083	PIK3CA	GAIN	CNA
H_2083	PTEN	HETLOSS	CNA
H_2083	RB1	HOMDEL	CNA
H_2083	SOX2	GAIN	CNA
H_2083	TP53	HETLOSS	CNA
H_2083	TP63	GAIN	CNA
H_2085	CCND1	AMP	CNA
H_2085	CDKN2A	HETLOSS	CNA
H_2085	EGFR	AMP	CNA
H_2085	FGFR1	GAIN	CNA
H_2085	MYC	GAIN	CNA
H_2085	PIK3CA	GAIN	CNA
H_2085	RB1	GAIN	CNA
H_2085	SOX2	GAIN	CNA
H_2085	TP53	HETLOSS	CNA
H_2085	TP63	GAIN	CNA
H_2089	CDKN2A	HETLOSS	CNA
H_2089	ERBB2	HETLOSS	CNA
H_2089	FGFR1	HETLOSS	CNA
H_2089	FOXA1	HETLOSS	CNA
H_2089	KRAS	GAIN	CNA
H_2089	NKX2-1	HETLOSS	CNA
H_2089	PTEN	HETLOSS	CNA
H_2089	RB1	HETLOSS	CNA
H_2089	TP53	HETLOSS	CNA
H_2093	CDKN2A	HETLOSS	CNA
H_2093	FOXA1	GAIN	CNA
H_2093	MYC	GAIN	CNA
H_2093	NKX2-1	GAIN	CNA
H_2093	PIK3CA	GAIN	CNA
H_2093	PTEN	HETLOSS	CNA
H_2093	RB1	HETLOSS	CNA
H_2093	SOX2	GAIN	CNA
H_2093	TP63	GAIN	CNA
H_2101	CDKN2A	HETLOSS	CNA
H_2101	FGFR1	HETLOSS	CNA
H_2101	FOXA1	HETLOSS	CNA
H_2101	MYC	GAIN	CNA
H_2101	NKX2-1	HETLOSS	CNA
H_2101	PIK3CA	GAIN	CNA
H_2101	SOX2	GAIN	CNA
H_2101	TP53	HETLOSS	CNA
H_2101	TP63	GAIN	CNA
H_2106	CDKN2A	HETLOSS	CNA
H_2106	EGFR	GAIN	CNA
H_2106	FGFR1	HETLOSS	CNA
H_2106	GATA3	HETLOSS	CNA
H_2106	KRAS	HETLOSS	CNA
H_2106	PIK3CA	GAIN	CNA
H_2106	PTEN	HETLOSS	CNA
H_2106	RB1	HETLOSS	CNA
H_2106	SOX2	GAIN	CNA
H_2106	TP53	HETLOSS	CNA
H_2106	TP63	GAIN	CNA
H_2113	CDKN2A	HOMDEL	CNA
H_2113	GATA3	GAIN	CNA
H_2113	MYC	GAIN	CNA
H_2113	PIK3CA	HETLOSS	CNA
H_2113	TP53	HETLOSS	CNA
H_2118	BRAF	GAIN	CNA
H_2118	BRCA1	HETLOSS	CNA
H_2118	CCND1	GAIN	CNA
H_2118	CDKN2A	HOMDEL	CNA
H_2118	EGFR	GAIN	CNA
H_2118	ERBB2	AMP	CNA
H_2118	GATA3	HETLOSS	CNA
H_2118	MET	GAIN	CNA
H_2118	PIK3CA	GAIN	CNA
H_2118	PTEN	HETLOSS	CNA
H_2118	RB1	HETLOSS	CNA
H_2118	SOX2	GAIN	CNA
H_2118	TP63	GAIN	CNA
H_2122	BRCA1	GAIN	CNA
H_2122	ERBB2	GAIN	CNA
H_2122	FGFR1	GAIN	CNA
H_2122	GATA3	HETLOSS	CNA
H_2122	KRAS	GAIN	CNA
H_2122	PIK3CA	AMP	CNA
H_2122	RB1	HETLOSS	CNA
H_2122	SOX2	AMP	CNA
H_2122	TP53	HETLOSS	CNA
H_2123	CDKN2A	HETLOSS	CNA
H_2123	ERBB2	GAIN	CNA
H_2123	FGFR1	GAIN	CNA
H_2123	FOXA1	HETLOSS	CNA
H_2123	GATA3	HETLOSS	CNA
H_2123	NKX2-1	HETLOSS	CNA
H_2123	PIK3CA	GAIN	CNA
H_2123	PTEN	HETLOSS	CNA
H_2123	RB1	HETLOSS	CNA
H_2123	SOX2	GAIN	CNA
H_2123	TP63	GAIN	CNA
H_2142	BRAF	HETLOSS	CNA
H_2142	CDKN2A	HETLOSS	CNA
H_2142	FGFR1	AMP	CNA
H_2142	MET	HETLOSS	CNA
H_2142	PIK3CA	GAIN	CNA
H_2142	RB1	HETLOSS	CNA
H_2142	SOX2	GAIN	CNA
H_2142	TP63	GAIN	CNA
H_2167	BRAF	HETLOSS	CNA
H_2167	BRCA1	HETLOSS	CNA
H_2167	CCND1	HETLOSS	CNA
H_2167	CDKN2A	HETLOSS	CNA
H_2167	ERBB2	HETLOSS	CNA
H_2167	FGFR1	HETLOSS	CNA
H_2167	GATA3	HETLOSS	CNA
H_2167	MET	HETLOSS	CNA
H_2167	MYC	GAIN	CNA
H_2167	NKX2-1	HETLOSS	CNA
H_2167	PIK3CA	GAIN	CNA
H_2167	PTEN	HETLOSS	CNA
H_2167	RB1	HETLOSS	CNA
H_2167	SOX2	GAIN	CNA
H_2167	TP53	HETLOSS	CNA
H_2167	TP63	GAIN	CNA
H_2188	FGFR1	AMP	CNA
H_2188	FOXA1	GAIN	CNA
H_2188	MYC	GAIN	CNA
H_2188	NKX2-1	GAIN	CNA
H_2188	PIK3CA	GAIN	CNA
H_2188	SOX2	GAIN	CNA
H_2188	TP63	GAIN	CNA
H_2189	BRCA1	GAIN	CNA
H_2189	CDKN2A	HETLOSS	CNA
H_2189	ERBB2	GAIN	CNA
H_2189	FGFR1	GAIN	CNA
H_2189	FOXA1	HETLOSS	CNA
H_2189	GATA3	HETLOSS	CNA
H_2189	KRAS	GAIN	CNA
H_2189	MYC	GAIN	CNA
H_2189	NKX2-1	HETLOSS	CNA
H_2189	PIK3CA	GAIN	CNA
H_2189	RB1	HETLOSS	CNA
H_2189	SOX2	GAIN	CNA
H_2189	TP53	HETLOSS	CNA
H_2189	TP63	GAIN	CNA
H_2198	BRCA1	HETLOSS	CNA
H_2198	CDKN2A	HETLOSS	CNA
H_2198	ERBB2	HETLOSS	CNA
H_2198	FGFR1	GAIN	CNA
H_2198	FOXA1	HETLOSS	CNA
H_2198	KRAS	GAIN	CNA
H_2198	MYC	GAIN	CNA
H_2198	NKX2-1	HETLOSS	CNA
H_2198	PIK3CA	GAIN	CNA
H_2198	PTEN	HETLOSS	CNA
H_2198	RB1	HETLOSS	CNA
H_2198	SOX2	GAIN	CNA
H_2198	TP53	HETLOSS	CNA
H_2198	TP63	GAIN	CNA
H_2200	CDKN2A	HETLOSS	CNA
H_2200	FGFR1	AMP	CNA
H_2200	FOXA1	HETLOSS	CNA
H_2200	NKX2-1	HETLOSS	CNA
H_2200	PIK3CA	GAIN	CNA
H_2200	SOX2	GAIN	CNA
H_2200	TP63	GAIN	CNA
H_2202	BRAF	HETLOSS	CNA
H_2202	CDKN2A	HETLOSS	CNA
H_2202	FGFR1	HETLOSS	CNA
H_2202	FOXA1	GAIN	CNA
H_2202	MET	HETLOSS	CNA
H_2202	PIK3CA	GAIN	CNA
H_2202	PTEN	HETLOSS	CNA
H_2202	SOX2	GAIN	CNA
H_2202	TP53	HETLOSS	CNA
H_2202	TP63	GAIN	CNA
H_2219	FGFR1	HETLOSS	CNA
H_2219	GATA3	GAIN	CNA
H_2219	MYC	GAIN	CNA
H_2219	PIK3CA	GAIN	CNA
H_2219	RB1	GAIN	CNA
H_2219	SOX2	GAIN	CNA
H_2219	TP53	HETLOSS	CNA
H_2232	BRAF	HETLOSS	CNA
H_2232	FGFR1	GAIN	CNA
H_2232	MET	HETLOSS	CNA
H_2232	MYC	GAIN	CNA
H_2232	PIK3CA	GAIN	CNA
H_2232	PTEN	HETLOSS	CNA
H_2232	RB1	HETLOSS	CNA
H_2232	SOX2	GAIN	CNA
H_2232	TP53	HETLOSS	CNA
H_2232	TP63	GAIN	CNA
H_2238	FGFR1	GAIN	CNA
H_2238	FOXA1	HETLOSS	CNA
H_2238	GATA3	HETLOSS	CNA
H_2238	NKX2-1	HETLOSS	CNA
H_2238	PIK3CA	GAIN	CNA
H_2238	PTEN	HETLOSS	CNA
H_2238	RB1	HETLOSS	CNA
H_2238	SOX2	GAIN	CNA
H_2238	TP53	HETLOSS	CNA
H_2238	TP63	GAIN	CNA
H_2250	EGFR	GAIN	CNA
H_2250	FOXA1	HETLOSS	CNA
H_2250	GATA3	HETLOSS	CNA
H_2250	NKX2-1	HETLOSS	CNA
H_2250	PIK3CA	GAIN	CNA
H_2250	SOX2	GAIN	CNA
H_2250	TP63	GAIN	CNA
H_2252	FGFR1	GAIN	CNA
H_2252	FOXA1	GAIN	CNA
H_2252	MYC	GAIN	CNA
H_2252	NKX2-1	GAIN	CNA
H_2252	PIK3CA	GAIN	CNA
H_2252	SOX2	GAIN	CNA
H_2252	TP63	GAIN	CNA
H_2259	CDKN2A	HETLOSS	CNA
H_2259	FGFR1	GAIN	CNA
H_2259	GATA3	HETLOSS	CNA
H_2259	PIK3CA	GAIN	CNA
H_2259	SOX2	GAIN	CNA
H_2259	TP63	GAIN	CNA
H_2262	BRAF	GAIN	CNA
H_2262	CCND1	GAIN	CNA
H_2262	CDKN2A	HETLOSS	CNA
H_2262	EGFR	GAIN	CNA
H_2262	FGFR1	HETLOSS	CNA
H_2262	KRAS	GAIN	CNA
H_2262	MET	GAIN	CNA
H_2262	MYC	GAIN	CNA
H_2262	PIK3CA	GAIN	CNA
H_2262	RB1	HETLOSS	CNA
H_2262	SOX2	GAIN	CNA
H_2262	TP53	HETLOSS	CNA
H_2262	TP63	GAIN	CNA
H_2266	CDKN2A	HETLOSS	CNA
H_2266	PIK3CA	GAIN	CNA
H_2266	RB1	HETLOSS	CNA
H_2266	SOX2	GAIN	CNA
H_2266	TP53	HETLOSS	CNA
H_2266	TP63	GAIN	CNA
H_2278	BRAF	GAIN	CNA
H_2278	BRCA1	GAIN	CNA
H_2278	CCND1	GAIN	CNA
H_2278	CDKN2A	HETLOSS	CNA
H_2278	EGFR	GAIN	CNA
H_2278	ERBB2	GAIN	CNA
H_2278	FGFR1	HETLOSS	CNA
H_2278	FOXA1	GAIN	CNA
H_2278	GATA3	HETLOSS	CNA
H_2278	KRAS	GAIN	CNA
H_2278	MET	GAIN	CNA
H_2278	MYC	GAIN	CNA
H_2278	NKX2-1	GAIN	CNA
H_2278	PIK3CA	AMP	CNA
H_2278	SOX2	AMP	CNA
H_2278	TP53	HETLOSS	CNA
H_2278	TP63	GAIN	CNA
H_2289	CCND1	GAIN	CNA
H_2289	CDKN2A	HETLOSS	CNA
H_2289	PIK3CA	GAIN	CNA
H_2289	SOX2	GAIN	CNA
H_2289	TP63	HETLOSS	CNA
H_2293	EGFR	GAIN	CNA
H_2293	GATA3	HETLOSS	CNA
H_2293	PIK3CA	GAIN	CNA
H_2293	PTEN	HETLOSS	CNA
H_2293	SOX2	GAIN	CNA
H_2293	TP63	GAIN	CNA
H_2298	BRAF	HETLOSS	CNA
H_2298	CCND1	GAIN	CNA
H_2298	CDKN2A	HOMDEL	CNA
H_2298	FGFR1	GAIN	CNA
H_2298	MET	GAIN	CNA
H_2298	PIK3CA	GAIN	CNA
H_2298	RB1	HETLOSS	CNA
H_2298	SOX2	GAIN	CNA
H_2298	TP63	GAIN	CNA
H_2321	BRAF	HETLOSS	CNA
H_2321	CCND1	HETLOSS	CNA
H_2321	CDKN2A	HETLOSS	CNA
H_2321	EGFR	HETLOSS	CNA
H_2321	FGFR1	AMP	CNA
H_2321	FOXA1	HETLOSS	CNA
H_2321	GATA3	HETLOSS	CNA
H_2321	KRAS	GAIN	CNA
H_2321	MET	HETLOSS	CNA
H_2321	MYC	GAIN	CNA
H_2321	NKX2-1	HOMDEL	CNA
H_2321	PTEN	HETLOSS	CNA
H_2321	TP53	HETLOSS	CNA
H_2332	CCND1	GAIN	CNA
H_2332	CDKN2A	HETLOSS	CNA
H_2332	FGFR1	AMP	CNA
H_2332	FOXA1	GAIN	CNA
H_2332	NKX2-1	GAIN	CNA
H_2332	PIK3CA	GAIN	CNA
H_2332	RB1	HETLOSS	CNA
H_2332	SOX2	GAIN	CNA
H_2332	TP53	HETLOSS	CNA
H_2332	TP63	GAIN	CNA
H_2339	CDKN2A	HETLOSS	CNA
H_2339	FGFR1	GAIN	CNA
H_2339	GATA3	GAIN	CNA
H_2339	KRAS	GAIN	CNA
H_2339	MET	GAIN	CNA
H_2339	PIK3CA	GAIN	CNA
H_2339	SOX2	GAIN	CNA
H_2339	TP63	GAIN	CNA
H_2360	CDKN2A	HETLOSS	CNA
H_2360	FGFR1	AMP	CNA
H_2360	MYC	GAIN	CNA
H_2360	NKX2-1	GAIN	CNA
H_2360	PIK3CA	AMP	CNA
H_2360	RB1	HETLOSS	CNA
H_2360	SOX2	AMP	CNA
H_2360	TP53	HETLOSS	CNA
H_2360	TP63	AMP	CNA
H_2379	CCND1	AMP	CNA
H_2379	CDKN2A	HETLOSS	CNA
H_2379	EGFR	HETLOSS	CNA
H_2379	PIK3CA	GAIN	CNA
H_2379	RB1	HETLOSS	CNA
H_2379	SOX2	GAIN	CNA
H_2379	TP53	HETLOSS	CNA
H_2379	TP63	GAIN	CNA
H_2384	BRCA1	HETLOSS	CNA
H_2384	EGFR	HETLOSS	CNA
H_2384	ERBB2	HETLOSS	CNA
H_2384	FOXA1	HETLOSS	CNA
H_2384	GATA3	HETLOSS	CNA
H_2384	MET	GAIN	CNA
H_2384	NKX2-1	HETLOSS	CNA
H_2384	PTEN	HETLOSS	CNA
H_2384	RB1	HETLOSS	CNA
H_2384	TP53	HETLOSS	CNA
H_2396	FGFR1	GAIN	CNA
H_2396	FOXA1	GAIN	CNA
H_2396	KRAS	GAIN	CNA
H_2396	NKX2-1	GAIN	CNA
H_2396	PIK3CA	GAIN	CNA
H_2396	SOX2	GAIN	CNA
H_2396	TP63	GAIN	CNA
H_2399	CDKN2A	HETLOSS	CNA
H_2399	PIK3CA	GAIN	CNA
H_2399	SOX2	GAIN	CNA
H_2399	TP63	GAIN	CNA
H_2427	BRAF	GAIN	CNA
H_2427	CDKN2A	HETLOSS	CNA
H_2427	EGFR	GAIN	CNA
H_2427	FGFR1	GAIN	CNA
H_2427	MET	GAIN	CNA
H_2427	PIK3CA	GAIN	CNA
H_2427	SOX2	GAIN	CNA
H_2427	TP53	HETLOSS	CNA
H_2427	TP63	GAIN	CNA
H_2436	EGFR	HETLOSS	CNA
H_2436	FGFR1	GAIN	CNA
H_2436	FOXA1	GAIN	CNA
H_2436	GATA3	GAIN	CNA
H_2436	MET	HETLOSS	CNA
H_2436	MYC	GAIN	CNA
H_2436	NKX2-1	GAIN	CNA
H_2436	PIK3CA	GAIN	CNA
H_2436	SOX2	GAIN	CNA
H_2436	TP63	GAIN	CNA
H_2448	BRAF	HETLOSS	CNA
H_2448	CDKN2A	HETLOSS	CNA
H_2448	EGFR	GAIN	CNA
H_2448	FGFR1	GAIN	CNA
H_2448	KRAS	GAIN	CNA
H_2448	MET	HETLOSS	CNA
H_2448	MYC	GAIN	CNA
H_2448	PIK3CA	GAIN	CNA
H_2448	SOX2	GAIN	CNA
H_2448	TP53	HETLOSS	CNA
H_2448	TP63	GAIN	CNA
H_2456	BRAF	HETLOSS	CNA
H_2456	BRCA1	HETLOSS	CNA
H_2456	CDKN2A	HETLOSS	CNA
H_2456	EGFR	GAIN	CNA
H_2456	ERBB2	HETLOSS	CNA
H_2456	FGFR1	HETLOSS	CNA
H_2456	FOXA1	AMP	CNA
H_2456	GATA3	GAIN	CNA
H_2456	KRAS	GAIN	CNA
H_2456	MET	HETLOSS	CNA
H_2456	MYC	GAIN	CNA
H_2456	NKX2-1	AMP	CNA
H_2456	PIK3CA	AMP	CNA
H_2456	PTEN	HETLOSS	CNA
H_2456	RB1	HETLOSS	CNA
H_2456	SOX2	AMP	CNA
H_2456	TP63	GAIN	CNA
H_2458	CCND1	HETLOSS	CNA
H_2458	CDKN2A	HETLOSS	CNA
H_2458	FGFR1	HETLOSS	CNA
H_2458	FOXA1	HETLOSS	CNA
H_2458	KRAS	GAIN	CNA
H_2458	MYC	GAIN	CNA
H_2458	NKX2-1	HETLOSS	CNA
H_2458	PIK3CA	GAIN	CNA
H_2458	PTEN	HETLOSS	CNA
H_2458	SOX2	GAIN	CNA
H_2458	TP63	GAIN	CNA
H_2483	BRCA1	HETLOSS	CNA
H_2483	CDKN2A	HETLOSS	CNA
H_2483	ERBB2	HETLOSS	CNA
H_2483	MYC	GAIN	CNA
H_2483	PIK3CA	GAIN	CNA
H_2483	PTEN	HETLOSS	CNA
H_2483	SOX2	GAIN	CNA
H_2483	TP53	HETLOSS	CNA
H_2483	TP63	GAIN	CNA
H_2493	CDKN2A	HETLOSS	CNA
H_2493	MYC	GAIN	CNA
H_2493	PIK3CA	GAIN	CNA
H_2493	SOX2	GAIN	CNA
H_2493	TP63	GAIN	CNA
H_2495	CCND1	GAIN	CNA
H_2495	CDKN2A	HOMDEL	CNA
H_2495	EGFR	GAIN	CNA
H_2495	FOXA1	HETLOSS	CNA
H_2495	GATA3	HETLOSS	CNA
H_2495	KRAS	GAIN	CNA
H_2495	MET	GAIN	CNA
H_2495	NKX2-1	HETLOSS	CNA
H_2495	PIK3CA	HETLOSS	CNA
H_2495	PTEN	HETLOSS	CNA
H_2495	RB1	HETLOSS	CNA
H_2495	SOX2	HETLOSS	CNA
H_2495	TP63	HETLOSS	CNA
H_2496	BRCA1	GAIN	CNA
H_2496	CDKN2A	HETLOSS	CNA
H_2496	PIK3CA	GAIN	CNA
H_2496	SOX2	GAIN	CNA
H_2496	TP63	GAIN	CNA
H_2505	BRCA1	GAIN	CNA
H_2505	CCND1	GAIN	CNA
H_2505	CDKN2A	HETLOSS	CNA
H_2505	EGFR	AMP	CNA
H_2505	ERBB2	GAIN	CNA
H_2505	FGFR1	GAIN	CNA
H_2505	FOXA1	GAIN	CNA
H_2505	GATA3	HETLOSS	CNA
H_2505	KRAS	GAIN	CNA
H_2505	MYC	GAIN	CNA
H_2505	NKX2-1	AMP	CNA
H_2505	PIK3CA	GAIN	CNA
H_2505	SOX2	GAIN	CNA
H_2505	TP53	GAIN	CNA
H_2505	TP63	GAIN	CNA
H_2557	BRAF	HETLOSS	CNA
H_2557	CDKN2A	HETLOSS	CNA
H_2557	FGFR1	AMP	CNA
H_2557	MET	HETLOSS	CNA
H_2557	MYC	GAIN	CNA
H_2557	PIK3CA	AMP	CNA
H_2557	RB1	HETLOSS	CNA
H_2557	SOX2	AMP	CNA
H_2557	TP53	HETLOSS	CNA
H_2566	BRAF	GAIN	CNA
H_2566	CDKN2A	HETLOSS	CNA
H_2566	FOXA1	HETLOSS	CNA
H_2566	GATA3	HETLOSS	CNA
H_2566	MET	GAIN	CNA
H_2566	MYC	HETLOSS	CNA
H_2566	NKX2-1	HETLOSS	CNA
H_2566	PIK3CA	GAIN	CNA
H_2566	PTEN	HETLOSS	CNA
H_2566	RB1	HETLOSS	CNA
H_2566	SOX2	GAIN	CNA
H_2574	BRAF	HETLOSS	CNA
H_2574	BRCA1	GAIN	CNA
H_2574	CDKN2A	HETLOSS	CNA
H_2574	EGFR	GAIN	CNA
H_2574	ERBB2	GAIN	CNA
H_2574	FGFR1	GAIN	CNA
H_2574	GATA3	GAIN	CNA
H_2574	MET	HETLOSS	CNA
H_2574	MYC	GAIN	CNA
H_2574	PIK3CA	GAIN	CNA
H_2574	PTEN	HETLOSS	CNA
H_2574	RB1	HETLOSS	CNA
H_2574	SOX2	GAIN	CNA
H_2574	TP63	GAIN	CNA
H_2576	BRAF	GAIN	CNA
H_2576	BRCA1	GAIN	CNA
H_2576	EGFR	AMP	CNA
H_2576	ERBB2	GAIN	CNA
H_2576	MET	GAIN	CNA
H_2576	MYC	GAIN	CNA
H_2576	PIK3CA	GAIN	CNA
H_2576	SOX2	GAIN	CNA
H_2576	TP63	GAIN	CNA
H_2588	EGFR	AMP	CNA
H_2588	GATA3	HETLOSS	CNA
H_2588	MYC	GAIN	CNA
H_2588	PIK3CA	GAIN	CNA
H_2588	PTEN	HETLOSS	CNA
H_2588	SOX2	GAIN	CNA
H_2588	TP53	HETLOSS	CNA
H_2588	TP63	GAIN	CNA
H_2623	FGFR1	GAIN	CNA
H_2623	FOXA1	HETLOSS	CNA
H_2623	GATA3	HETLOSS	CNA
H_2623	NKX2-1	HETLOSS	CNA
H_2623	PIK3CA	AMP	CNA
H_2623	PTEN	HETLOSS	CNA
H_2623	SOX2	AMP	CNA
H_2623	TP53	HETLOSS	CNA
H_2623	TP63	AMP	CNA
H_2625	CDKN2A	HETLOSS	CNA
H_2625	EGFR	AMP	CNA
H_2625	MYC	GAIN	CNA
H_2625	PIK3CA	GAIN	CNA
H_2625	RB1	GAIN	CNA
H_2625	SOX2	GAIN	CNA
H_2625	TP53	HETLOSS	CNA
H_2625	TP63	GAIN	CNA
H_2646	BRAF	GAIN	CNA
H_2646	EGFR	GAIN	CNA
H_2646	FGFR1	GAIN	CNA
H_2646	KRAS	GAIN	CNA
H_2646	MET	GAIN	CNA
H_2646	MYC	GAIN	CNA
H_2647	BRAF	HETLOSS	CNA
H_2647	BRCA1	HETLOSS	CNA
H_2647	CDKN2A	HETLOSS	CNA
H_2647	EGFR	GAIN	CNA
H_2647	ERBB2	HETLOSS	CNA
H_2647	FGFR1	HETLOSS	CNA
H_2647	FOXA1	GAIN	CNA
H_2647	MET	HETLOSS	CNA
H_2647	MYC	GAIN	CNA
H_2647	NKX2-1	GAIN	CNA
H_2647	PIK3CA	GAIN	CNA
H_2647	PTEN	HETLOSS	CNA
H_2647	RB1	HETLOSS	CNA
H_2647	SOX2	GAIN	CNA
H_2647	TP63	GAIN	CNA
H_2690	BRAF	GAIN	CNA
H_2690	CDKN2A	HETLOSS	CNA
H_2690	FGFR1	GAIN	CNA
H_2690	MYC	GAIN	CNA
H_2690	PIK3CA	GAIN	CNA
H_2690	RB1	HETLOSS	CNA
H_2690	SOX2	GAIN	CNA
H_2690	TP53	HETLOSS	CNA
H_2690	TP63	GAIN	CNA
H_2712	BRCA1	HETLOSS	CNA
H_2712	EGFR	HETLOSS	CNA
H_2712	ERBB2	HETLOSS	CNA
H_2712	FGFR1	GAIN	CNA
H_2712	MET	HETLOSS	CNA
H_2712	MYC	GAIN	CNA
H_2712	PIK3CA	GAIN	CNA
H_2712	RB1	HETLOSS	CNA
H_2712	SOX2	GAIN	CNA
H_2712	TP53	GAIN	CNA
H_2712	TP63	GAIN	CNA
H_2737	CDKN2A	HETLOSS	CNA
H_2737	FOXA1	GAIN	CNA
H_2737	GATA3	HETLOSS	CNA
H_2737	NKX2-1	GAIN	CNA
H_2737	PIK3CA	GAIN	CNA
H_2737	PTEN	HETLOSS	CNA
H_2737	RB1	HETLOSS	CNA
H_2737	SOX2	GAIN	CNA
H_2737	TP53	HETLOSS	CNA
H_2737	TP63	GAIN	CNA
H_2745	BRCA1	HETLOSS	CNA
H_2745	CDKN2A	HETLOSS	CNA
H_2745	ERBB2	HETLOSS	CNA
H_2745	FGFR1	GAIN	CNA
H_2745	RB1	HETLOSS	CNA
H_2745	TP53	HETLOSS	CNA
H_2757	BRAF	GAIN	CNA
H_2757	BRCA1	GAIN	CNA
H_2757	CDKN2A	HETLOSS	CNA
H_2757	EGFR	HETLOSS	CNA
H_2757	ERBB2	GAIN	CNA
H_2757	FGFR1	GAIN	CNA
H_2757	FOXA1	HETLOSS	CNA
H_2757	KRAS	GAIN	CNA
H_2757	MET	GAIN	CNA
H_2757	MYC	GAIN	CNA
H_2757	NKX2-1	HETLOSS	CNA
H_2757	PIK3CA	GAIN	CNA
H_2757	SOX2	GAIN	CNA
H_2757	TP63	GAIN	CNA
H_2761	BRCA1	HETLOSS	CNA
H_2761	CDKN2A	HETLOSS	CNA
H_2761	ERBB2	HETLOSS	CNA
H_2761	FGFR1	GAIN	CNA
H_2761	FOXA1	GAIN	CNA
H_2761	GATA3	HETLOSS	CNA
H_2761	MYC	GAIN	CNA
H_2761	NKX2-1	GAIN	CNA
H_2761	PIK3CA	GAIN	CNA
H_2761	PTEN	HETLOSS	CNA
H_2761	RB1	HETLOSS	CNA
H_2761	SOX2	GAIN	CNA
H_2761	TP53	HETLOSS	CNA
H_2761	TP63	GAIN	CNA
H_2765	BRAF	GAIN	CNA
H_2765	CCND1	GAIN	CNA
H_2765	CDKN2A	HETLOSS	CNA
H_2765	EGFR	GAIN	CNA
H_2765	ERBB2	HETLOSS	CNA
H_2765	FGFR1	AMP	CNA
H_2765	GATA3	GAIN	CNA
H_2765	MET	GAIN	CNA
H_2765	MYC	GAIN	CNA
H_2765	PIK3CA	GAIN	CNA
H_2765	RB1	HETLOSS	CNA
H_2765	SOX2	GAIN	CNA
H_2765	TP53	HETLOSS	CNA
H_2765	TP63	GAIN	CNA
H_2777	BRAF	GAIN	CNA
H_2777	CCND1	HETLOSS	CNA
H_2777	FOXA1	GAIN	CNA
H_2777	KRAS	GAIN	CNA
H_2777	NKX2-1	GAIN	CNA
H_2777	PIK3CA	GAIN	CNA
H_2777	PTEN	HETLOSS	CNA
H_2777	SOX2	GAIN	CNA
H_2777	TP63	GAIN	CNA
H_2802	BRCA1	HETLOSS	CNA
H_2802	CCND1	HETLOSS	CNA
H_2802	CDKN2A	HETLOSS	CNA
H_2802	EGFR	GAIN	CNA
H_2802	ERBB2	HETLOSS	CNA
H_2802	FGFR1	HETLOSS	CNA
H_2802	FOXA1	HETLOSS	CNA
H_2802	GATA3	HETLOSS	CNA
H_2802	KRAS	GAIN	CNA
H_2802	NKX2-1	HETLOSS	CNA
H_2802	PIK3CA	AMP	CNA
H_2802	PTEN	HETLOSS	CNA
H_2802	RB1	HETLOSS	CNA
H_2802	SOX2	AMP	CNA
H_2802	TP53	HETLOSS	CNA
H_2808	BRCA1	HETLOSS	CNA
H_2808	MYC	GAIN	CNA
H_2808	PIK3CA	GAIN	CNA
H_2808	SOX2	GAIN	CNA
H_2808	TP53	HETLOSS	CNA
H_2808	TP63	GAIN	CNA
H_2810	CCND1	HETLOSS	CNA
H_2810	MET	HETLOSS	CNA
H_2810	PIK3CA	AMP	CNA
H_2810	PTEN	HETLOSS	CNA
H_2810	SOX2	AMP	CNA
H_2841	BRCA1	HETLOSS	CNA
H_2841	CDKN2A	HETLOSS	CNA
H_2841	EGFR	AMP	CNA
H_2841	GATA3	HETLOSS	CNA
H_2841	PIK3CA	GAIN	CNA
H_2841	RB1	HETLOSS	CNA
H_2841	SOX2	GAIN	CNA
H_2841	TP53	HETLOSS	CNA
H_2841	TP63	GAIN	CNA
H_2845	BRCA1	HETLOSS	CNA
H_2845	CDKN2A	HETLOSS	CNA
H_2845	ERBB2	HETLOSS	CNA
H_2845	GATA3	HETLOSS	CNA
H_2845	KRAS	HETLOSS	CNA
H_2845	PIK3CA	GAIN	CNA
H_2845	PTEN	HETLOSS	CNA
H_2845	RB1	HETLOSS	CNA
H_2845	SOX2	GAIN	CNA
H_2845	TP53	HETLOSS	CNA
H_2845	TP63	GAIN	CNA
H_2850	CDKN2A	HETLOSS	CNA
H_2850	FGFR1	GAIN	CNA
H_2850	FOXA1	HETLOSS	CNA
H_2850	KRAS	GAIN	CNA
H_2850	MYC	GAIN	CNA
H_2850	NKX2-1	HETLOSS	CNA
H_2850	PIK3CA	GAIN	CNA
H_2850	PTEN	HETLOSS	CNA
H_2850	RB1	HETLOSS	CNA
H_2850	SOX2	GAIN	CNA
H_2850	TP53	HETLOSS	CNA
H_2850	TP63	GAIN	CNA
H_2852	BRCA1	GAIN	CNA
H_2852	ERBB2	GAIN	CNA
H_2852	FGFR1	GAIN	CNA
H_2852	GATA3	GAIN	CNA
H_2852	MYC	GAIN	CNA
H_2852	PIK3CA	GAIN	CNA
H_2852	PTEN	HETLOSS	CNA
H_2852	RB1	HETLOSS	CNA
H_2852	SOX2	GAIN	CNA
H_2852	TP63	GAIN	CNA
H_2853	KRAS	GAIN	CNA
H_2853	MYC	GAIN	CNA
H_2853	PIK3CA	GAIN	CNA
H_2853	SOX2	GAIN	CNA
H_2853	TP63	GAIN	CNA
H_2866	CCND1	GAIN	CNA
H_2866	CDKN2A	HETLOSS	CNA
H_2866	FGFR1	GAIN	CNA
H_2866	FOXA1	GAIN	CNA
H_2866	KRAS	GAIN	CNA
H_2866	MYC	GAIN	CNA
H_2866	NKX2-1	GAIN	CNA
H_2866	PIK3CA	GAIN	CNA
H_2866	PTEN	HETLOSS	CNA
H_2866	SOX2	GAIN	CNA
H_2866	TP63	GAIN	CNA
H_2880	CCND1	GAIN	CNA
H_2880	CDKN2A	HOMDEL	CNA
H_2880	FGFR1	HETLOSS	CNA
H_2880	KRAS	GAIN	CNA
H_2880	MYC	GAIN	CNA
H_2880	PIK3CA	GAIN	CNA
H_2880	PTEN	HETLOSS	CNA
H_2880	RB1	HETLOSS	CNA
H_2880	SOX2	GAIN	CNA
H_2880	TP63	GAIN	CNA
H_2883	CDKN2A	HETLOSS	CNA
H_2883	FGFR1	GAIN	CNA
H_2883	FOXA1	HETLOSS	CNA
H_2883	GATA3	HETLOSS	CNA
H_2883	KRAS	GAIN	CNA
H_2883	MYC	GAIN	CNA
H_2883	NKX2-1	HETLOSS	CNA
H_2883	PIK3CA	GAIN	CNA
H_2883	PTEN	HETLOSS	CNA
H_2883	RB1	HETLOSS	CNA
H_2883	SOX2	GAIN	CNA
H_2883	TP63	GAIN	CNA
H_2890	BRAF	HETLOSS	CNA
H_2890	MET	HETLOSS	CNA
H_2890	PIK3CA	GAIN	CNA
H_2890	PTEN	HETLOSS	CNA
H_2890	RB1	HETLOSS	CNA
H_2890	SOX2	GAIN	CNA
H_2890	TP63	GAIN	CNA
H_2900	BRAF	HETLOSS	CNA
H_2900	BRCA1	HETLOSS	CNA
H_2900	CDKN2A	HETLOSS	CNA
H_2900	ERBB2	HETLOSS	CNA
H_2900	FGFR1	HETLOSS	CNA
H_2900	FOXA1	AMP	CNA
H_2900	GATA3	HETLOSS	CNA
H_2900	MET	GAIN	CNA
H_2900	MYC	GAIN	CNA
H_2900	NKX2-1	AMP	CNA
H_2900	PIK3CA	AMP	CNA
H_2900	PTEN	HETLOSS	CNA
H_2900	RB1	HETLOSS	CNA
H_2900	SOX2	AMP	CNA
H_2900	TP53	HETLOSS	CNA
H_2901	CCND1	GAIN	CNA
H_2901	CDKN2A	HETLOSS	CNA
H_2901	FGFR1	GAIN	CNA
H_2901	KRAS	GAIN	CNA
H_2901	NKX2-1	HETLOSS	CNA
H_2901	PIK3CA	GAIN	CNA
H_2901	RB1	HETLOSS	CNA
H_2901	SOX2	GAIN	CNA
H_2901	TP53	HETLOSS	CNA
H_2901	TP63	GAIN	CNA
H_2929	CDKN2A	HETLOSS	CNA
H_2929	FGFR1	AMP	CNA
H_2929	KRAS	GAIN	CNA
H_2929	MYC	GAIN	CNA
H_2929	PIK3CA	GAIN	CNA
H_2929	SOX2	GAIN	CNA
H_2929	TP53	HETLOSS	CNA
H_2929	TP63	GAIN	CNA
H_2931	CDKN2A	HETLOSS	CNA
H_2931	EGFR	AMP	CNA
H_2931	GATA3	HETLOSS	CNA
H_2931	PIK3CA	GAIN	CNA
H_2931	RB1	HETLOSS	CNA
H_2931	SOX2	GAIN	CNA
H_2931	TP53	HETLOSS	CNA
H_2931	TP63	GAIN	CNA
H_2986	BRAF	HETLOSS	CNA
H_2986	CCND1	AMP	CNA
H_2986	CDKN2A	HETLOSS	CNA
H_2986	KRAS	GAIN	CNA
H_2986	PTEN	HETLOSS	CNA
H_2986	RB1	HETLOSS	CNA
H_2991	BRAF	GAIN	CNA
H_2991	EGFR	GAIN	CNA
H_2991	FGFR1	GAIN	CNA
H_2991	FOXA1	GAIN	CNA
H_2991	MET	GAIN	CNA
H_2991	MYC	GAIN	CNA
H_2991	NKX2-1	GAIN	CNA
H_2991	PIK3CA	GAIN	CNA
H_2991	SOX2	GAIN	CNA
H_2991	TP63	GAIN	CNA
H_2993	BRAF	GAIN	CNA
H_2993	BRCA1	HETLOSS	CNA
H_2993	CDKN2A	HETLOSS	CNA
H_2993	ERBB2	HETLOSS	CNA
H_2993	FGFR1	HETLOSS	CNA
H_2993	MYC	GAIN	CNA
H_2993	PIK3CA	GAIN	CNA
H_2993	RB1	HETLOSS	CNA
H_2993	SOX2	GAIN	CNA
H_2993	TP53	HETLOSS	CNA
H_2993	TP63	GAIN	CNA
H_2996	CDKN2A	HETLOSS	CNA
H_2996	EGFR	GAIN	CNA
H_2996	FGFR1	HETLOSS	CNA
H_2996	FOXA1	HETLOSS	CNA
H_2996	GATA3	GAIN	CNA
H_2996	KRAS	GAIN	CNA
H_2996	MYC	GAIN	CNA
H_2996	NKX2-1	HETLOSS	CNA
H_2996	PIK3CA	GAIN	CNA
H_2996	SOX2	GAIN	CNA
H_2996	TP53	HETLOSS	CNA
H_2996	TP63	GAIN	CNA
H_3005	BRCA1	GAIN	CNA
H_3005	CDKN2A	HETLOSS	CNA
H_3005	ERBB2	GAIN	CNA
H_3005	FGFR1	HETLOSS	CNA
H_3005	PIK3CA	GAIN	CNA
H_3005	SOX2	GAIN	CNA
H_3005	TP53	HETLOSS	CNA
H_3005	TP63	GAIN	CNA
H_3015	BRAF	GAIN	CNA
H_3015	MET	GAIN	CNA
H_3021	BRAF	HETLOSS	CNA
H_3021	CDKN2A	HETLOSS	CNA
H_3021	FOXA1	HETLOSS	CNA
H_3021	MET	HETLOSS	CNA
H_3021	NKX2-1	HETLOSS	CNA
H_3021	RB1	HETLOSS	CNA
H_3023	CCND1	GAIN	CNA
H_3023	PIK3CA	GAIN	CNA
H_3023	SOX2	GAIN	CNA
H_3023	TP63	GAIN	CNA
H_3027	FGFR1	GAIN	CNA
H_3027	FOXA1	HETLOSS	CNA
H_3027	NKX2-1	HETLOSS	CNA
H_3027	PIK3CA	GAIN	CNA
H_3027	PTEN	HETLOSS	CNA
H_3027	RB1	HETLOSS	CNA
H_3027	SOX2	GAIN	CNA
H_3027	TP53	HETLOSS	CNA
H_3027	TP63	GAIN	CNA
H_3031	BRCA1	GAIN	CNA
H_3031	CDKN2A	HETLOSS	CNA
H_3031	ERBB2	GAIN	CNA
H_3031	FGFR1	GAIN	CNA
H_3031	FOXA1	HETLOSS	CNA
H_3031	KRAS	GAIN	CNA
H_3031	MYC	GAIN	CNA
H_3031	NKX2-1	HETLOSS	CNA
H_3031	PIK3CA	GAIN	CNA
H_3031	PTEN	HETLOSS	CNA
H_3031	RB1	HETLOSS	CNA
H_3031	SOX2	GAIN	CNA
H_3031	TP53	HETLOSS	CNA
H_3031	TP63	GAIN	CNA
H_3057	EGFR	HETLOSS	CNA
H_3057	GATA3	HETLOSS	CNA
H_3057	PTEN	HETLOSS	CNA
H_3057	RB1	HETLOSS	CNA
H_3057	TP53	HETLOSS	CNA
H_3059	ERBB2	AMP	CNA
H_3059	GATA3	HETLOSS	CNA
H_3059	MYC	GAIN	CNA
H_3059	PIK3CA	GAIN	CNA
H_3059	PTEN	HETLOSS	CNA
H_3059	RB1	HETLOSS	CNA
H_3059	SOX2	GAIN	CNA
H_3059	TP53	HETLOSS	CNA
H_3059	TP63	GAIN	CNA
H_3083	CDKN2A	HETLOSS	CNA
H_3083	EGFR	GAIN	CNA
H_3083	FOXA1	HETLOSS	CNA
H_3083	MYC	GAIN	CNA
H_3083	NKX2-1	HETLOSS	CNA
H_3083	PIK3CA	GAIN	CNA
H_3083	RB1	HETLOSS	CNA
H_3083	SOX2	GAIN	CNA
H_3083	TP63	GAIN	CNA
H_3092	BRCA1	HETLOSS	CNA
H_3092	CDKN2A	HETLOSS	CNA
H_3092	ERBB2	HETLOSS	CNA
H_3092	FOXA1	HETLOSS	CNA
H_3092	GATA3	HETLOSS	CNA
H_3092	MYC	GAIN	CNA
H_3092	NKX2-1	HETLOSS	CNA
H_3092	PIK3CA	GAIN	CNA
H_3092	RB1	HETLOSS	CNA
H_3092	SOX2	GAIN	CNA
H_3092	TP53	HETLOSS	CNA
H_3092	TP63	GAIN	CNA
H_3101	CDKN2A	HETLOSS	CNA
H_3101	FGFR1	HETLOSS	CNA
H_3101	FOXA1	GAIN	CNA
H_3101	KRAS	GAIN	CNA
H_3101	MYC	GAIN	CNA
H_3101	NKX2-1	GAIN	CNA
H_3101	PIK3CA	GAIN	CNA
H_3101	PTEN	HETLOSS	CNA
H_3101	RB1	HETLOSS	CNA
H_3101	SOX2	GAIN	CNA
H_3101	TP53	HETLOSS	CNA
H_3101	TP63	GAIN	CNA
H_3108	BRAF	GAIN	CNA
H_3108	CDKN2A	HETLOSS	CNA
H_3108	EGFR	GAIN	CNA
H_3108	FGFR1	GAIN	CNA
H_3108	FOXA1	HETLOSS	CNA
H_3108	GATA3	GAIN	CNA
H_3108	KRAS	GAIN	CNA
H_3108	MET	GAIN	CNA
H_3108	MYC	GAIN	CNA
H_3108	NKX2-1	HETLOSS	CNA
H_3108	PIK3CA	GAIN	CNA
H_3108	SOX2	GAIN	CNA
H_3108	TP53	HETLOSS	CNA
H_3108	TP63	GAIN	CNA
H_3111	CDKN2A	HETLOSS	CNA
H_3111	EGFR	GAIN	CNA
H_3111	FGFR1	HETLOSS	CNA
H_3111	FOXA1	GAIN	CNA
H_3111	MYC	GAIN	CNA
H_3111	NKX2-1	GAIN	CNA
H_3111	PIK3CA	GAIN	CNA
H_3111	SOX2	GAIN	CNA
H_3111	TP63	GAIN	CNA
H_3124	EGFR	GAIN	CNA
H_3124	MET	GAIN	CNA
H_3124	PTEN	HETLOSS	CNA
H_3126	BRCA1	GAIN	CNA
H_3126	CDKN2A	HETLOSS	CNA
H_3126	ERBB2	GAIN	CNA
H_3126	FGFR1	AMP	CNA
H_3126	FOXA1	HETLOSS	CNA
H_3126	KRAS	GAIN	CNA
H_3126	MET	GAIN	CNA
H_3126	NKX2-1	HETLOSS	CNA
H_3126	PIK3CA	GAIN	CNA
H_3126	SOX2	GAIN	CNA
H_3126	TP53	HETLOSS	CNA
H_3126	TP63	GAIN	CNA
H_3129	CDKN2A	HETLOSS	CNA
H_3129	PIK3CA	GAIN	CNA
H_3129	SOX2	GAIN	CNA
H_3129	TP63	GAIN	CNA
H_3132	BRAF	GAIN	CNA
H_3132	CCND1	GAIN	CNA
H_3132	EGFR	GAIN	CNA
H_3132	FOXA1	GAIN	CNA
H_3132	MET	GAIN	CNA
H_3132	MYC	GAIN	CNA
H_3132	NKX2-1	GAIN	CNA
H_3146	BRCA1	HETLOSS	CNA
H_3146	ERBB2	HETLOSS	CNA
H_3146	FGFR1	GAIN	CNA
H_3146	FOXA1	GAIN	CNA
H_3146	MYC	GAIN	CNA
H_3146	NKX2-1	GAIN	CNA
H_3146	PIK3CA	GAIN	CNA
H_3146	PTEN	HETLOSS	CNA
H_3146	RB1	HETLOSS	CNA
H_3146	SOX2	GAIN	CNA
H_3146	TP53	HETLOSS	CNA
H_3146	TP63	GAIN	CNA
H_3149	CDKN2A	HETLOSS	CNA
H_3149	FGFR1	HETLOSS	CNA
H_3149	GATA3	HETLOSS	CNA
H_3149	MYC	GAIN	CNA
H_3149	PIK3CA	GAIN	CNA
H_3149	PTEN	HETLOSS	CNA
H_3149	RB1	HETLOSS	CNA
H_3149	SOX2	GAIN	CNA
H_3149	TP63	GAIN	CNA
H_3155	BRCA1	HETLOSS	CNA
H_3155	CDKN2A	HETLOSS	CNA
H_3155	ERBB2	HETLOSS	CNA
H_3155	FGFR1	AMP	CNA
H_3155	MYC	AMP	CNA
H_3155	PIK3CA	GAIN	CNA
H_3155	RB1	HETLOSS	CNA
H_3155	SOX2	GAIN	CNA
H_3155	TP53	HETLOSS	CNA
H_3155	TP63	GAIN	CNA
H_3161	BRCA1	GAIN	CNA
H_3161	CDKN2A	HOMDEL	CNA
H_3161	EGFR	HETLOSS	CNA
H_3161	ERBB2	GAIN	CNA
H_3161	FGFR1	GAIN	CNA
H_3161	GATA3	HETLOSS	CNA
H_3161	PIK3CA	GAIN	CNA
H_3161	PTEN	HETLOSS	CNA
H_3161	RB1	HETLOSS	CNA
H_3161	SOX2	GAIN	CNA
H_3161	TP53	HETLOSS	CNA
H_3161	TP63	GAIN	CNA
H_3172	CCND1	HETLOSS	CNA
H_3172	CDKN2A	HETLOSS	CNA
H_3172	MYC	GAIN	CNA
H_3172	PIK3CA	GAIN	CNA
H_3172	PTEN	HETLOSS	CNA
H_3172	RB1	HETLOSS	CNA
H_3172	SOX2	GAIN	CNA
H_3172	TP63	GAIN	CNA
H_3190	CDKN2A	HETLOSS	CNA
H_3190	FGFR1	GAIN	CNA
H_3190	FOXA1	GAIN	CNA
H_3190	MYC	GAIN	CNA
H_3190	NKX2-1	GAIN	CNA
H_3190	PIK3CA	GAIN	CNA
H_3190	RB1	HETLOSS	CNA
H_3190	SOX2	GAIN	CNA
H_3190	TP63	HETLOSS	CNA
H_3207	BRCA1	GAIN	CNA
H_3207	CCND1	HETLOSS	CNA
H_3207	CDKN2A	HETLOSS	CNA
H_3207	EGFR	GAIN	CNA
H_3207	ERBB2	GAIN	CNA
H_3207	FGFR1	HETLOSS	CNA
H_3207	GATA3	HETLOSS	CNA
H_3207	KRAS	GAIN	CNA
H_3207	MET	GAIN	CNA
H_3207	MYC	GAIN	CNA
H_3207	PIK3CA	GAIN	CNA
H_3207	PTEN	HETLOSS	CNA
H_3207	RB1	HETLOSS	CNA
H_3207	SOX2	GAIN	CNA
H_3207	TP53	HETLOSS	CNA
H_3207	TP63	GAIN	CNA
H_3230	BRAF	GAIN	CNA
H_3230	EGFR	GAIN	CNA
H_3230	GATA3	HETLOSS	CNA
H_3230	KRAS	GAIN	CNA
H_3230	MET	GAIN	CNA
H_3230	PIK3CA	GAIN	CNA
H_3230	PTEN	HETLOSS	CNA
H_3230	RB1	HETLOSS	CNA
H_3230	SOX2	GAIN	CNA
H_3230	TP63	GAIN	CNA
H_3252	BRCA1	GAIN	CNA
H_3252	ERBB2	GAIN	CNA
H_3252	MYC	GAIN	CNA
H_3252	PIK3CA	GAIN	CNA
H_3252	RB1	HETLOSS	CNA
H_3252	SOX2	GAIN	CNA
H_3252	TP63	GAIN	CNA
H_3259	BRCA1	GAIN	CNA
H_3259	CCND1	GAIN	CNA
H_3259	CDKN2A	HETLOSS	CNA
H_3259	EGFR	HETLOSS	CNA
H_3259	ERBB2	GAIN	CNA
H_3259	FOXA1	GAIN	CNA
H_3259	GATA3	GAIN	CNA
H_3259	MET	GAIN	CNA
H_3259	MYC	GAIN	CNA
H_3259	NKX2-1	GAIN	CNA
H_3259	PIK3CA	GAIN	CNA
H_3259	RB1	HETLOSS	CNA
H_3259	SOX2	GAIN	CNA
H_3259	TP53	HETLOSS	CNA
H_3259	TP63	GAIN	CNA
H_3271	CDKN2A	HETLOSS	CNA
H_3271	EGFR	HETLOSS	CNA
H_3271	FGFR1	AMP	CNA
H_3271	GATA3	HETLOSS	CNA
H_3271	MYC	GAIN	CNA
H_3271	PIK3CA	GAIN	CNA
H_3271	SOX2	GAIN	CNA
H_3271	TP53	HETLOSS	CNA
H_3271	TP63	GAIN	CNA
H_3274	BRAF	GAIN	CNA
H_3274	EGFR	GAIN	CNA
H_3274	FGFR1	GAIN	CNA
H_3274	KRAS	GAIN	CNA
H_3274	MET	GAIN	CNA
H_3274	MYC	GAIN	CNA
H_3274	PIK3CA	GAIN	CNA
H_3274	SOX2	GAIN	CNA
H_3274	TP63	GAIN	CNA
H_3282	BRAF	GAIN	CNA
H_3282	BRCA1	GAIN	CNA
H_3282	CCND1	HETLOSS	CNA
H_3282	CDKN2A	GAIN	CNA
H_3282	ERBB2	GAIN	CNA
H_3282	FGFR1	AMP	CNA
H_3282	FOXA1	HETLOSS	CNA
H_3282	MYC	GAIN	CNA
H_3282	NKX2-1	HETLOSS	CNA
H_3282	PIK3CA	GAIN	CNA
H_3282	PTEN	GAIN	CNA
H_3282	RB1	HETLOSS	CNA
H_3282	SOX2	GAIN	CNA
H_3282	TP53	HETLOSS	CNA
H_3282	TP63	GAIN	CNA
H_3304	FGFR1	GAIN	CNA
H_3304	MYC	GAIN	CNA
H_3304	PIK3CA	AMP	CNA
H_3304	SOX2	GAIN	CNA
H_3314	BRAF	GAIN	CNA
H_3314	CDKN2A	HETLOSS	CNA
H_3314	EGFR	GAIN	CNA
H_3314	MET	GAIN	CNA
H_3314	MYC	GAIN	CNA
H_3314	PIK3CA	GAIN	CNA
H_3314	PTEN	HETLOSS	CNA
H_3314	RB1	HETLOSS	CNA
H_3314	SOX2	GAIN	CNA
H_3314	TP63	GAIN	CNA
H_3337	CCND1	AMP	CNA
H_3337	CDKN2A	HETLOSS	CNA
H_3337	FGFR1	GAIN	CNA
H_3337	PIK3CA	AMP	CNA
H_3337	RB1	HETLOSS	CNA
H_3337	SOX2	AMP	CNA
H_3337	TP53	HETLOSS	CNA
H_3337	TP63	GAIN	CNA
H_3346	FGFR1	GAIN	CNA
H_3365	CCND1	HETLOSS	CNA
H_3365	EGFR	GAIN	CNA
H_3365	FOXA1	HETLOSS	CNA
H_3365	GATA3	HETLOSS	CNA
H_3365	KRAS	GAIN	CNA
H_3365	NKX2-1	HETLOSS	CNA
H_3365	PIK3CA	GAIN	CNA
H_3365	PTEN	HETLOSS	CNA
H_3365	RB1	HETLOSS	CNA
H_3365	SOX2	GAIN	CNA
H_3365	TP53	HETLOSS	CNA
H_3365	TP63	GAIN	CNA
H_3384	CDKN2A	HETLOSS	CNA
H_3384	FGFR1	AMP	CNA
H_3384	GATA3	GAIN	CNA
H_3384	KRAS	GAIN	CNA
H_3384	MYC	GAIN	CNA
H_3384	PIK3CA	GAIN	CNA
H_3384	PTEN	HETLOSS	CNA
H_3384	SOX2	GAIN	CNA
H_3384	TP63	GAIN	CNA
H_3401	CCND1	AMP	CNA
H_3401	CDKN2A	HOMDEL	CNA
H_3401	ERBB2	GAIN	CNA
H_3401	GATA3	HETLOSS	CNA
H_3401	MYC	HETLOSS	CNA
H_3401	PIK3CA	GAIN	CNA
H_3401	RB1	HETLOSS	CNA
H_3401	SOX2	GAIN	CNA
H_3401	TP53	HETLOSS	CNA
H_3401	TP63	GAIN	CNA
H_3429	BRCA1	HETLOSS	CNA
H_3429	CCND1	HETLOSS	CNA
H_3429	CDKN2A	HETLOSS	CNA
H_3429	ERBB2	HETLOSS	CNA
H_3429	FGFR1	HETLOSS	CNA
H_3429	FOXA1	HETLOSS	CNA
H_3429	GATA3	HETLOSS	CNA
H_3429	KRAS	GAIN	CNA
H_3429	NKX2-1	HETLOSS	CNA
H_3429	PIK3CA	GAIN	CNA
H_3429	PTEN	HETLOSS	CNA
H_3429	RB1	HETLOSS	CNA
H_3429	SOX2	GAIN	CNA
H_3429	TP53	HETLOSS	CNA
H_3429	TP63	GAIN	CNA
H_3431	CCND1	AMP	CNA
H_3431	CDKN2A	HETLOSS	CNA
H_3431	FOXA1	GAIN	CNA
H_3431	GATA3	GAIN	CNA
H_3431	PIK3CA	GAIN	CNA
H_3431	RB1	HETLOSS	CNA
H_3431	SOX2	GAIN	CNA
H_3431	TP53	HETLOSS	CNA
H_3431	TP63	GAIN	CNA
H_3435	BRAF	GAIN	CNA
H_3435	CCND1	HETLOSS	CNA
H_3435	CDKN2A	HETLOSS	CNA
H_3435	FGFR1	GAIN	CNA
H_3435	MYC	GAIN	CNA
H_3435	PIK3CA	GAIN	CNA
H_3435	RB1	HETLOSS	CNA
H_3435	SOX2	GAIN	CNA
H_3435	TP53	HETLOSS	CNA
H_3435	TP63	GAIN	CNA
H_3439	BRCA1	HETLOSS	CNA
H_3439	ERBB2	HETLOSS	CNA
H_3439	FOXA1	HETLOSS	CNA
H_3439	NKX2-1	HETLOSS	CNA
H_3439	PIK3CA	GAIN	CNA
H_3439	SOX2	GAIN	CNA
H_3439	TP53	HETLOSS	CNA
H_3439	TP63	GAIN	CNA
H_3456	BRAF	HETLOSS	CNA
H_3456	CDKN2A	HETLOSS	CNA
H_3456	EGFR	HETLOSS	CNA
H_3456	FGFR1	HETLOSS	CNA
H_3456	GATA3	HETLOSS	CNA
H_3456	MET	HETLOSS	CNA
H_3456	MYC	AMP	CNA
H_3456	PIK3CA	GAIN	CNA
H_3456	PTEN	HETLOSS	CNA
H_3456	RB1	HETLOSS	CNA
H_3456	SOX2	GAIN	CNA
H_3456	TP63	GAIN	CNA
H_3467	CDKN2A	HOMDEL	CNA
H_3467	FGFR1	AMP	CNA
H_3467	PIK3CA	GAIN	CNA
H_3467	RB1	HETLOSS	CNA
H_3467	SOX2	GAIN	CNA
H_3467	TP53	HETLOSS	CNA
H_3467	TP63	GAIN	CNA
H_3474	BRAF	GAIN	CNA
H_3474	EGFR	GAIN	CNA
H_3474	MET	GAIN	CNA
H_3474	MYC	GAIN	CNA
H_3474	PIK3CA	GAIN	CNA
H_3474	SOX2	GAIN	CNA
H_3474	TP63	GAIN	CNA
H_3482	BRAF	GAIN	CNA
H_3482	CCND1	HETLOSS	CNA
H_3482	CDKN2A	HETLOSS	CNA
H_3482	EGFR	GAIN	CNA
H_3482	ERBB2	GAIN	CNA
H_3482	FGFR1	HETLOSS	CNA
H_3482	FOXA1	GAIN	CNA
H_3482	GATA3	HETLOSS	CNA
H_3482	MET	GAIN	CNA
H_3482	MYC	GAIN	CNA
H_3482	NKX2-1	GAIN	CNA
H_3482	PIK3CA	GAIN	CNA
H_3482	RB1	HETLOSS	CNA
H_3482	SOX2	GAIN	CNA
H_3482	TP53	HETLOSS	CNA
H_3482	TP63	GAIN	CNA
H_3487	BRCA1	HETLOSS	CNA
H_3487	CDKN2A	HETLOSS	CNA
H_3487	ERBB2	HETLOSS	CNA
H_3487	FGFR1	GAIN	CNA
H_3487	MYC	GAIN	CNA
H_3487	PIK3CA	GAIN	CNA
H_3487	RB1	HETLOSS	CNA
H_3487	SOX2	GAIN	CNA
H_3487	TP53	HETLOSS	CNA
H_3487	TP63	GAIN	CNA
H_3492	CDKN2A	HETLOSS	CNA
H_3492	FGFR1	HETLOSS	CNA
H_3492	PIK3CA	GAIN	CNA
H_3492	SOX2	GAIN	CNA
H_3492	TP63	GAIN	CNA
H_3505	BRAF	GAIN	CNA
H_3505	CCND1	GAIN	CNA
H_3505	EGFR	GAIN	CNA
H_3505	FGFR1	GAIN	CNA
H_3505	KRAS	HETLOSS	CNA
H_3505	MET	GAIN	CNA
H_3505	MYC	GAIN	CNA
H_3505	PIK3CA	GAIN	CNA
H_3505	RB1	HETLOSS	CNA
H_3505	SOX2	GAIN	CNA
H_3505	TP63	GAIN	CNA
H_3539	CDKN2A	HETLOSS	CNA
H_3539	FGFR1	AMP	CNA
H_3539	MYC	GAIN	CNA
H_3539	PIK3CA	GAIN	CNA
H_3539	PTEN	GAIN	CNA
H_3539	RB1	HETLOSS	CNA
H_3539	SOX2	GAIN	CNA
H_3539	TP53	HETLOSS	CNA
H_3539	TP63	GAIN	CNA
H_3541	EGFR	GAIN	CNA
H_3541	SOX2	GAIN	CNA
H_3731	BRAF	GAIN	CNA
H_3731	BRCA1	GAIN	CNA
H_3731	ERBB2	GAIN	CNA
H_3731	FGFR1	GAIN	CNA
H_3731	KRAS	GAIN	CNA
H_3731	MET	GAIN	CNA
H_3731	PIK3CA	GAIN	CNA
H_3731	SOX2	AMP	CNA
H_3731	TP63	GAIN	CNA
H_3846	BRAF	GAIN	CNA
H_3846	BRCA1	GAIN	CNA
H_3846	CDKN2A	HETLOSS	CNA
H_3846	EGFR	GAIN	CNA
H_3846	ERBB2	GAIN	CNA
H_3846	FGFR1	HETLOSS	CNA
H_3846	FOXA1	GAIN	CNA
H_3846	GATA3	HETLOSS	CNA
H_3846	KRAS	GAIN	CNA
H_3846	MET	GAIN	CNA
H_3846	MYC	GAIN	CNA
H_3846	NKX2-1	GAIN	CNA
H_3846	PIK3CA	AMP	CNA
H_3846	PTEN	HETLOSS	CNA
H_3846	SOX2	AMP	CNA
H_3846	TP53	HETLOSS	CNA
H_3846	TP63	GAIN	CNA
H_3909	BRAF	GAIN	CNA
H_3909	CCND1	HETLOSS	CNA
H_3909	GATA3	HETLOSS	CNA
H_3909	KRAS	GAIN	CNA
H_3909	MET	GAIN	CNA
H_3909	MYC	GAIN	CNA
H_3909	PIK3CA	GAIN	CNA
H_3909	PTEN	HETLOSS	CNA
H_3909	RB1	HETLOSS	CNA
H_3909	SOX2	GAIN	CNA
H_3909	TP63	GAIN	CNA
H_3921	BRCA1	HETLOSS	CNA
H_3921	CDKN2A	HETLOSS	CNA
H_3921	ERBB2	HETLOSS	CNA
H_3921	FGFR1	GAIN	CNA
H_3921	FOXA1	HETLOSS	CNA
H_3921	GATA3	HETLOSS	CNA
H_3921	MYC	GAIN	CNA
H_3921	NKX2-1	HETLOSS	CNA
H_3921	PIK3CA	GAIN	CNA
H_3921	PTEN	GAIN	CNA
H_3921	RB1	HETLOSS	CNA
H_3921	SOX2	GAIN	CNA
H_3921	TP63	GAIN	CNA
H_4024	BRAF	HETLOSS	CNA
H_4024	BRCA1	HETLOSS	CNA
H_4024	CCND1	HETLOSS	CNA
H_4024	CDKN2A	HETLOSS	CNA
H_4024	ERBB2	GAIN	CNA
H_4024	GATA3	HETLOSS	CNA
H_4024	MYC	GAIN	CNA
H_4024	PIK3CA	GAIN	CNA
H_4024	PTEN	HETLOSS	CNA
H_4024	SOX2	GAIN	CNA
H_4024	TP53	HETLOSS	CNA
H_4024	TP63	GAIN	CNA
H_4039	FGFR1	GAIN	CNA
H_4039	FOXA1	AMP	CNA
H_4039	MYC	GAIN	CNA
H_4039	NKX2-1	AMP	CNA
H_4039	PIK3CA	GAIN	CNA
H_4039	RB1	HETLOSS	CNA
H_4039	SOX2	GAIN	CNA
H_4039	TP63	GAIN	CNA
H_4049	BRAF	GAIN	CNA
H_4049	CDKN2A	HETLOSS	CNA
H_4049	EGFR	GAIN	CNA
H_4049	FGFR1	AMP	CNA
H_4049	MET	GAIN	CNA
H_4049	RB1	HETLOSS	CNA
H_4204	CCND1	GAIN	CNA
H_4204	EGFR	GAIN	CNA
H_4204	FOXA1	GAIN	CNA
H_4204	KRAS	GAIN	CNA
H_4204	MYC	GAIN	CNA
H_4204	NKX2-1	GAIN	CNA
H_4204	PIK3CA	GAIN	CNA
H_4204	SOX2	GAIN	CNA
H_4204	TP63	GAIN	CNA
H_4207	CDKN2A	HETLOSS	CNA
H_4207	EGFR	GAIN	CNA
H_4207	FGFR1	GAIN	CNA
H_4207	FOXA1	GAIN	CNA
H_4207	GATA3	GAIN	CNA
H_4207	MET	HETLOSS	CNA
H_4207	MYC	GAIN	CNA
H_4207	NKX2-1	GAIN	CNA
H_4207	PIK3CA	GAIN	CNA
H_4207	RB1	HETLOSS	CNA
H_4207	SOX2	AMP	CNA
H_4207	TP53	HETLOSS	CNA
H_4207	TP63	GAIN	CNA
H_4319	BRAF	GAIN	CNA
H_4319	CCND1	GAIN	CNA
H_4319	CDKN2A	HETLOSS	CNA
H_4319	EGFR	GAIN	CNA
H_4319	GATA3	HETLOSS	CNA
H_4319	KRAS	GAIN	CNA
H_4319	MET	GAIN	CNA
H_4319	PIK3CA	GAIN	CNA
H_4319	PTEN	HETLOSS	CNA
H_4319	RB1	HETLOSS	CNA
H_4319	SOX2	GAIN	CNA
H_4319	TP53	HETLOSS	CNA
H_4319	TP63	GAIN	CNA
H_4343	BRAF	GAIN	CNA
H_4343	BRCA1	GAIN	CNA
H_4343	ERBB2	GAIN	CNA
H_4343	GATA3	GAIN	CNA
H_4343	MET	GAIN	CNA
H_4343	MYC	GAIN	CNA
H_4343	PIK3CA	GAIN	CNA
H_4343	SOX2	GAIN	CNA
H_4364	BRAF	HETLOSS	CNA
H_4364	CDKN2A	HETLOSS	CNA
H_4364	ERBB2	HETLOSS	CNA
H_4364	FGFR1	HETLOSS	CNA
H_4364	FOXA1	HETLOSS	CNA
H_4364	MET	HETLOSS	CNA
H_4364	NKX2-1	HETLOSS	CNA
H_4364	PIK3CA	GAIN	CNA
H_4364	PTEN	HETLOSS	CNA
H_4364	SOX2	GAIN	CNA
H_4364	TP53	HETLOSS	CNA
H_4364	TP63	GAIN	CNA
H_4398	CCND1	GAIN	CNA
H_4398	CDKN2A	HETLOSS	CNA
H_4398	FGFR1	HETLOSS	CNA
H_4398	FOXA1	HETLOSS	CNA
H_4398	NKX2-1	HETLOSS	CNA
H_4398	PIK3CA	GAIN	CNA
H_4398	PTEN	HETLOSS	CNA
H_4398	RB1	HETLOSS	CNA
H_4398	SOX2	GAIN	CNA
H_4398	TP53	HETLOSS	CNA
H_4398	TP63	GAIN	CNA
H_4527	CDKN2A	HETLOSS	CNA
H_4527	FOXA1	GAIN	CNA
H_4527	NKX2-1	GAIN	CNA
H_4527	PIK3CA	GAIN	CNA
H_4527	RB1	HETLOSS	CNA
H_4527	SOX2	GAIN	CNA
H_4527	TP63	GAIN	CNA
H_4650	PIK3CA	HETLOSS	CNA
H_4650	RB1	HETLOSS	CNA
H_4650	SOX2	HETLOSS	CNA
H_4650	TP63	GAIN	CNA
H_4651	BRAF	GAIN	CNA
H_4651	CDKN2A	HETLOSS	CNA
H_4651	EGFR	GAIN	CNA
H_4691	BRAF	GAIN	CNA
H_4691	CCND1	GAIN	CNA
H_4691	CDKN2A	HETLOSS	CNA
H_4691	EGFR	GAIN	CNA
H_4691	FGFR1	GAIN	CNA
H_4691	KRAS	GAIN	CNA
H_4691	MET	GAIN	CNA
H_4691	MYC	GAIN	CNA
H_4691	NKX2-1	GAIN	CNA
H_4691	TP63	GAIN	CNA
H_4714	CDKN2A	HETLOSS	CNA
H_4714	FOXA1	GAIN	CNA
H_4714	KRAS	HETLOSS	CNA
H_4714	MYC	GAIN	CNA
H_4714	NKX2-1	GAIN	CNA
H_4714	RB1	HETLOSS	CNA
H_4714	SOX2	HETLOSS	CNA
H_4714	TP63	HETLOSS	CNA
H_4726	BRAF	GAIN	CNA
H_4726	EGFR	GAIN	CNA
H_4726	FGFR1	HETLOSS	CNA
H_4726	FOXA1	AMP	CNA
H_4726	GATA3	HETLOSS	CNA
H_4726	NKX2-1	AMP	CNA
H_4726	PTEN	HETLOSS	CNA
H_4726	RB1	HETLOSS	CNA
H_4726	TP53	HETLOSS	CNA
H_4730	RB1	HETLOSS	CNA
H_4734	BRCA1	GAIN	CNA
H_4734	CDKN2A	HETLOSS	CNA
H_4734	ERBB2	GAIN	CNA
H_4734	FGFR1	HETLOSS	CNA
H_4734	FOXA1	GAIN	CNA
H_4734	GATA3	HETLOSS	CNA
H_4734	NKX2-1	GAIN	CNA
H_4734	TP53	HETLOSS	CNA
H_4737	FGFR1	GAIN	CNA
H_4750	BRAF	GAIN	CNA
H_4750	EGFR	GAIN	CNA
H_4750	FOXA1	HETLOSS	CNA
H_4750	MET	GAIN	CNA
H_4750	MYC	GAIN	CNA
H_4750	NKX2-1	HETLOSS	CNA
H_4750	PIK3CA	GAIN	CNA
H_4750	SOX2	GAIN	CNA
H_4750	TP53	HETLOSS	CNA
H_4750	TP63	GAIN	CNA
H_4773	BRAF	GAIN	CNA
H_4773	CCND1	GAIN	CNA
H_4773	FOXA1	GAIN	CNA
H_4773	MET	GAIN	CNA
H_4773	NKX2-1	GAIN	CNA
H_4783	BRAF	GAIN	CNA
H_4783	CCND1	GAIN	CNA
H_4783	MET	GAIN	CNA
H_4847	BRAF	GAIN	CNA
H_4847	CCND1	GAIN	CNA
H_4847	FGFR1	GAIN	CNA
H_4847	FOXA1	GAIN	CNA
H_4847	GATA3	GAIN	CNA
H_4847	KRAS	AMP	CNA
H_4847	MET	GAIN	CNA
H_4847	MYC	GAIN	CNA
H_4847	NKX2-1	GAIN	CNA
H_4847	RB1	HETLOSS	CNA
H_4899	BRAF	GAIN	CNA
H_4899	CDKN2A	HETLOSS	CNA
H_4899	EGFR	GAIN	CNA
H_4899	FGFR1	HETLOSS	CNA
H_4899	FOXA1	HETLOSS	CNA
H_4899	KRAS	HETLOSS	CNA
H_4899	MET	GAIN	CNA
H_4899	MYC	HETLOSS	CNA
H_4899	NKX2-1	HETLOSS	CNA
H_4899	PIK3CA	HETLOSS	CNA
H_4899	RB1	HETLOSS	CNA
H_4899	SOX2	HETLOSS	CNA
H_4899	TP63	HETLOSS	CNA
H_4911	FGFR1	HETLOSS	CNA
H_4997	BRCA1	HETLOSS	CNA
H_4997	CDKN2A	HETLOSS	CNA
H_4997	ERBB2	HETLOSS	CNA
H_4997	FGFR1	GAIN	CNA
H_4997	MYC	GAIN	CNA
H_4997	PIK3CA	GAIN	CNA
H_4997	PTEN	GAIN	CNA
H_4997	RB1	HETLOSS	CNA
H_4997	SOX2	GAIN	CNA
H_4997	TP53	HETLOSS	CNA
H_4997	TP63	GAIN	CNA
H_5116	BRCA1	HETLOSS	CNA
H_5116	CDKN2A	HETLOSS	CNA
H_5116	ERBB2	HETLOSS	CNA
H_5116	GATA3	HETLOSS	CNA
H_5116	MET	HETLOSS	CNA
H_5116	PIK3CA	GAIN	CNA
H_5116	SOX2	GAIN	CNA
H_5116	TP53	HETLOSS	CNA
H_5116	TP63	GAIN	CNA
H_5129	CDKN2A	HETLOSS	CNA
H_5129	FGFR1	HETLOSS	CNA
H_5129	KRAS	AMP	CNA
H_5129	MYC	GAIN	CNA
H_5129	PIK3CA	GAIN	CNA
H_5129	SOX2	GAIN	CNA
H_5129	TP53	HETLOSS	CNA
H_5129	TP63	GAIN	CNA
H_5146	BRCA1	GAIN	CNA
H_5146	CDKN2A	HETLOSS	CNA
H_5146	KRAS	HETLOSS	CNA
H_5194	CCND1	GAIN	CNA
H_5194	KRAS	GAIN	CNA
H_5194	MYC	GAIN	CNA
H_5194	PIK3CA	GAIN	CNA
H_5194	PTEN	HETLOSS	CNA
H_5194	SOX2	GAIN	CNA
H_5194	TP63	GAIN	CNA
H_5227	CCND1	GAIN	CNA
H_5227	CDKN2A	HOMDEL	CNA
H_5227	FGFR1	HETLOSS	CNA
H_5227	FOXA1	HETLOSS	CNA
H_5227	GATA3	HETLOSS	CNA
H_5227	KRAS	GAIN	CNA
H_5227	MYC	GAIN	CNA
H_5227	NKX2-1	HETLOSS	CNA
H_5227	PIK3CA	GAIN	CNA
H_5227	PTEN	HETLOSS	CNA
H_5227	SOX2	GAIN	CNA
H_5227	TP53	HETLOSS	CNA
H_5227	TP63	GAIN	CNA
H_5521	MYC	GAIN	CNA
H_5555	CDKN2A	HETLOSS	CNA
H_5555	PIK3CA	GAIN	CNA
H_5555	RB1	HETLOSS	CNA
H_5555	SOX2	GAIN	CNA
H_5555	TP63	GAIN	CNA
H_5573	CCND1	HETLOSS	CNA
H_5573	CDKN2A	HETLOSS	CNA
H_5573	EGFR	HETLOSS	CNA
H_5573	FGFR1	GAIN	CNA
H_5573	GATA3	HETLOSS	CNA
H_5573	KRAS	GAIN	CNA
H_5573	MYC	GAIN	CNA
H_5573	PIK3CA	GAIN	CNA
H_5573	SOX2	GAIN	CNA
H_5573	TP53	HETLOSS	CNA
H_5573	TP63	GAIN	CNA
H_801	BRAF	HETLOSS	CNA
H_801	CDKN2A	HETLOSS	CNA
H_801	EGFR	GAIN	CNA
H_801	FOXA1	GAIN	CNA
H_801	GATA3	HETLOSS	CNA
H_801	MET	HETLOSS	CNA
H_801	MYC	GAIN	CNA
H_801	NKX2-1	GAIN	CNA
H_801	PIK3CA	GAIN	CNA
H_801	PTEN	HETLOSS	CNA
H_801	RB1	HETLOSS	CNA
H_801	SOX2	GAIN	CNA
H_801	TP63	GAIN	CNA
H_808	CCND1	HETLOSS	CNA
H_808	FGFR1	AMP	CNA
H_808	FOXA1	GAIN	CNA
H_808	KRAS	GAIN	CNA
H_808	MYC	GAIN	CNA
H_808	NKX2-1	GAIN	CNA
H_808	PIK3CA	GAIN	CNA
H_808	PTEN	HETLOSS	CNA
H_808	RB1	HETLOSS	CNA
H_808	SOX2	GAIN	CNA
H_808	TP63	GAIN	CNA
H_813	BRCA1	HETLOSS	CNA
H_813	CDKN2A	HETLOSS	CNA
H_813	FGFR1	HETLOSS	CNA
H_813	FOXA1	GAIN	CNA
H_813	NKX2-1	GAIN	CNA
H_813	PIK3CA	GAIN	CNA
H_813	RB1	HETLOSS	CNA
H_813	SOX2	GAIN	CNA
H_813	TP53	HETLOSS	CNA
H_813	TP63	GAIN	CNA
H_831	FGFR1	GAIN	CNA
H_831	PIK3CA	GAIN	CNA
H_831	SOX2	GAIN	CNA
H_831	TP63	GAIN	CNA
H_833	CDKN2A	GAIN	CNA
H_833	GATA3	HETLOSS	CNA
H_833	PIK3CA	AMP	CNA
H_833	PTEN	HETLOSS	CNA
H_833	RB1	HETLOSS	CNA
H_833	SOX2	AMP	CNA
H_833	TP53	HETLOSS	CNA
H_833	TP63	GAIN	CNA
H_956	CDKN2A	HETLOSS	CNA
H_956	FGFR1	GAIN	CNA
H_956	MYC	AMP	CNA
H_956	PIK3CA	GAIN	CNA
H_956	SOX2	AMP	CNA
H_956	TP63	GAIN	CNA
M_17AME11E2	BRCA1	GAIN	CNA
M_17AME11E2	EGFR	GAIN	CNA
M_17AME11E2	ERBB2	GAIN	CNA
M_17AME11E2	KRAS	GAIN	CNA
M_1EUE05LL6	CDKN2A	HETLOSS	CNA
M_1EUE05LL6	GATA3	HETLOSS	CNA
M_1EUE05LL6	MET	GAIN	CNA
M_1EUE05LL6	MYC	GAIN	CNA
M_1EUE05LL6	PIK3CA	AMP	CNA
M_1EUE05LL6	PTEN	HETLOSS	CNA
M_1EUE05LL6	RB1	HETLOSS	CNA
M_1EUE05LL6	SOX2	AMP	CNA
M_1EUE05LL6	TP63	GAIN	CNA
M_1GWPC5391	CCND1	AMP	CNA
M_1GWPC5391	KRAS	GAIN	CNA
M_1GWPC5391	PIK3CA	GAIN	CNA
M_1GWPC5391	RB1	HETLOSS	CNA
M_1GWPC5391	SOX2	GAIN	CNA
M_1GWPC5391	TP63	GAIN	CNA
M_1NELAKDR4	CCND1	AMP	CNA
M_1NELAKDR4	KRAS	GAIN	CNA
M_1NELAKDR4	PIK3CA	GAIN	CNA
M_1NELAKDR4	RB1	HETLOSS	CNA
M_1NELAKDR4	SOX2	GAIN	CNA
M_1NELAKDR4	TP63	GAIN	CNA
M_1R8KMT6J2	BRAF	GAIN	CNA
M_1R8KMT6J2	CDKN2A	HOMDEL	CNA
M_1R8KMT6J2	EGFR	AMP	CNA
M_1R8KMT6J2	FGFR1	HETLOSS	CNA
M_1R8KMT6J2	FOXA1	GAIN	CNA
M_1R8KMT6J2	KRAS	GAIN	CNA
M_1R8KMT6J2	MET	GAIN	CNA
M_1R8KMT6J2	MYC	GAIN	CNA
M_1R8KMT6J2	NKX2-1	GAIN	CNA
M_1R8KMT6J2	PIK3CA	GAIN	CNA
M_1R8KMT6J2	SOX2	GAIN	CNA
M_1R8KMT6J2	TP63	GAIN	CNA
M_1VGR1UVA7	CDKN2A	HETLOSS	CNA
M_1VGR1UVA7	FOXA1	HETLOSS	CNA
M_1VGR1UVA7	GATA3	HETLOSS	CNA
M_1VGR1UVA7	KRAS	GAIN	CNA
M_1VGR1UVA7	MYC	GAIN	CNA
M_1VGR1UVA7	NKX2-1	HETLOSS	CNA
M_1VGR1UVA7	PTEN	HETLOSS	CNA
M_1VGR1UVA7	RB1	HETLOSS	CNA
M_1VGR1UVA7	TP53	HETLOSS	CNA
M_1XWGJF305	BRAF	HETLOSS	CNA
M_1XWGJF305	CCND1	GAIN	CNA
M_1XWGJF305	CDKN2A	GAIN	CNA
M_1XWGJF305	EGFR	HETLOSS	CNA
M_1XWGJF305	FGFR1	HETLOSS	CNA
M_1XWGJF305	FOXA1	GAIN	CNA
M_1XWGJF305	GATA3	GAIN	CNA
M_1XWGJF305	KRAS	GAIN	CNA
M_1XWGJF305	MET	HETLOSS	CNA
M_1XWGJF305	MYC	HETLOSS	CNA
M_1XWGJF305	NKX2-1	GAIN	CNA
M_1XWGJF305	PIK3CA	HETLOSS	CNA
M_1XWGJF305	PTEN	HETLOSS	CNA
M_1XWGJF305	RB1	HETLOSS	CNA
M_1XWGJF305	SOX2	HETLOSS	CNA
M_1XWGJF305	TP53	HETLOSS	CNA
M_1XWGJF305	TP63	HETLOSS	CNA
M_INF6U5ERS	CCND1	AMP	CNA
M_INF6U5ERS	KRAS	GAIN	CNA
M_INF6U5ERS	MYC	GAIN	CNA
M_INF6U5ERS	PIK3CA	GAIN	CNA
M_INF6U5ERS	SOX2	GAIN	CNA
M_INF6U5ERS	TP63	GAIN	CNA
C100	BRCA1	HETLOSS	CNA
C100	CDKN2A	HETLOSS	CNA
C100	ERBB2	AMP	CNA
C100	FOXA1	HETLOSS	CNA
C100	KRAS	GAIN	CNA
C100	MYC	GAIN	CNA
C100	NKX2-1	HETLOSS	CNA
C100	PTEN	HETLOSS	CNA
C100	RB1	HETLOSS	CNA
C100	TP53	HETLOSS	CNA
C103	BRAF	GAIN	CNA
C103	EGFR	GAIN	CNA
C103	MET	GAIN	CNA
C104	BRCA1	HETLOSS	CNA
C104	CCND1	GAIN	CNA
C104	ERBB2	HETLOSS	CNA
C104	FGFR1	HETLOSS	CNA
C104	KRAS	GAIN	CNA
C104	MYC	GAIN	CNA
C104	PIK3CA	HETLOSS	CNA
C104	SOX2	HETLOSS	CNA
C104	TP53	HETLOSS	CNA
C104	TP63	HETLOSS	CNA
C105	CCND1	GAIN	CNA
C105	CDKN2A	HETLOSS	CNA
C105	FGFR1	HETLOSS	CNA
C105	TP53	HETLOSS	CNA
C106	BRCA1	HETLOSS	CNA
C106	CCND1	AMP	CNA
C106	CDKN2A	HETLOSS	CNA
C106	ERBB2	HETLOSS	CNA
C106	TP53	HETLOSS	CNA
C108	BRAF	HETLOSS	CNA
C108	GATA3	HETLOSS	CNA
C108	MET	HETLOSS	CNA
C108	MYC	GAIN	CNA
C108	RB1	HETLOSS	CNA
C108	TP53	HETLOSS	CNA
C109	CCND1	HETLOSS	CNA
C109	CDKN2A	GAIN	CNA
C109	EGFR	AMP	CNA
C109	FGFR1	HETLOSS	CNA
C109	FOXA1	HETLOSS	CNA
C109	GATA3	GAIN	CNA
C109	KRAS	HETLOSS	CNA
C109	MYC	GAIN	CNA
C109	NKX2-1	HETLOSS	CNA
C109	PIK3CA	GAIN	CNA
C109	RB1	HOMDEL	CNA
C109	SOX2	GAIN	CNA
C109	TP63	GAIN	CNA
C11	CCND1	GAIN	CNA
C11	EGFR	GAIN	CNA
C11	GATA3	HETLOSS	CNA
C11	KRAS	GAIN	CNA
C11	MYC	GAIN	CNA
C11	PIK3CA	GAIN	CNA
C11	PTEN	HETLOSS	CNA
C11	RB1	GAIN	CNA
C11	SOX2	GAIN	CNA
C11	TP53	HETLOSS	CNA
C11	TP63	GAIN	CNA
C112	RB1	HETLOSS	CNA
C112	TP53	HETLOSS	CNA
C114	BRCA1	HETLOSS	CNA
C114	CCND1	GAIN	CNA
C114	ERBB2	HETLOSS	CNA
C114	RB1	HETLOSS	CNA
C114	TP53	HETLOSS	CNA
C115	BRCA1	HETLOSS	CNA
C115	CDKN2A	HETLOSS	CNA
C115	ERBB2	HETLOSS	CNA
C115	FGFR1	HETLOSS	CNA
C115	FOXA1	HETLOSS	CNA
C115	KRAS	HETLOSS	CNA
C115	RB1	HETLOSS	CNA
C115	TP53	HETLOSS	CNA
C116	BRCA1	HETLOSS	CNA
C116	ERBB2	HETLOSS	CNA
C116	FGFR1	HETLOSS	CNA
C116	RB1	HETLOSS	CNA
C116	TP53	HETLOSS	CNA
C117	BRCA1	HETLOSS	CNA
C117	CCND1	GAIN	CNA
C117	ERBB2	HETLOSS	CNA
C117	FGFR1	HETLOSS	CNA
C12	BRAF	HETLOSS	CNA
C12	BRCA1	GAIN	CNA
C12	EGFR	GAIN	CNA
C12	FGFR1	AMP	CNA
C12	FOXA1	HETLOSS	CNA
C12	MET	HETLOSS	CNA
C12	MYC	GAIN	CNA
C12	NKX2-1	HETLOSS	CNA
C12	PTEN	HETLOSS	CNA
C12	RB1	HETLOSS	CNA
C12	TP53	HETLOSS	CNA
C120	KRAS	HETLOSS	CNA
C120	MYC	GAIN	CNA
C120	TP53	HETLOSS	CNA
C121	BRCA1	GAIN	CNA
C121	ERBB2	GAIN	CNA
C121	FOXA1	HETLOSS	CNA
C121	MYC	GAIN	CNA
C121	NKX2-1	HETLOSS	CNA
C122	BRCA1	HETLOSS	CNA
C122	ERBB2	HETLOSS	CNA
C122	TP53	HETLOSS	CNA
C124	BRAF	HETLOSS	CNA
C124	BRCA1	HETLOSS	CNA
C124	CDKN2A	HETLOSS	CNA
C124	EGFR	HETLOSS	CNA
C124	ERBB2	HETLOSS	CNA
C124	FGFR1	HETLOSS	CNA
C124	MET	HETLOSS	CNA
C124	PIK3CA	GAIN	CNA
C124	RB1	HETLOSS	CNA
C124	TP53	HETLOSS	CNA
C124	TP63	HETLOSS	CNA
C125	BRAF	HETLOSS	CNA
C125	BRCA1	HETLOSS	CNA
C125	ERBB2	HETLOSS	CNA
C125	GATA3	HETLOSS	CNA
C125	MET	HETLOSS	CNA
C125	TP53	HETLOSS	CNA
C126	EGFR	GAIN	CNA
C127	BRAF	HETLOSS	CNA
C127	BRCA1	HETLOSS	CNA
C127	CCND1	GAIN	CNA
C127	EGFR	GAIN	CNA
C127	ERBB2	HETLOSS	CNA
C127	FGFR1	HETLOSS	CNA
C127	FOXA1	HETLOSS	CNA
C127	GATA3	HETLOSS	CNA
C127	KRAS	HETLOSS	CNA
C127	MET	HETLOSS	CNA
C127	MYC	GAIN	CNA
C127	NKX2-1	HETLOSS	CNA
C127	PTEN	HETLOSS	CNA
C127	RB1	HETLOSS	CNA
C127	TP53	HETLOSS	CNA
C128	BRAF	GAIN	CNA
C128	BRCA1	HETLOSS	CNA
C128	CCND1	HETLOSS	CNA
C128	EGFR	GAIN	CNA
C128	ERBB2	HETLOSS	CNA
C128	GATA3	HETLOSS	CNA
C128	MET	GAIN	CNA
C128	PTEN	HETLOSS	CNA
C128	TP53	HETLOSS	CNA
C13	TP53	HETLOSS	CNA
C130	CCND1	GAIN	CNA
C130	ERBB2	GAIN	CNA
C130	FOXA1	GAIN	CNA
C130	TP53	HETLOSS	CNA
C130	TP63	GAIN	CNA
C131	CDKN2A	HETLOSS	CNA
C131	FGFR1	GAIN	CNA
C131	GATA3	HETLOSS	CNA
C131	KRAS	HETLOSS	CNA
C131	MET	HETLOSS	CNA
C131	MYC	GAIN	CNA
C131	RB1	HETLOSS	CNA
C131	TP53	HETLOSS	CNA
C132	CCND1	GAIN	CNA
C132	CDKN2A	HETLOSS	CNA
C132	FGFR1	AMP	CNA
C132	FOXA1	HETLOSS	CNA
C132	MYC	GAIN	CNA
C132	NKX2-1	HETLOSS	CNA
C133	BRAF	HETLOSS	CNA
C133	BRCA1	HETLOSS	CNA
C133	CDKN2A	HETLOSS	CNA
C133	ERBB2	HETLOSS	CNA
C133	FGFR1	GAIN	CNA
C133	MYC	GAIN	CNA
C133	RB1	HETLOSS	CNA
C133	TP53	HETLOSS	CNA
C134	BRCA1	HETLOSS	CNA
C134	CCND1	HETLOSS	CNA
C134	CDKN2A	HETLOSS	CNA
C134	ERBB2	HETLOSS	CNA
C134	FOXA1	GAIN	CNA
C134	NKX2-1	GAIN	CNA
C134	TP53	HETLOSS	CNA
C135	CCND1	HETLOSS	CNA
C135	CDKN2A	HETLOSS	CNA
C135	FGFR1	GAIN	CNA
C135	MYC	GAIN	CNA
C136	RB1	HETLOSS	CNA
C136	TP53	HETLOSS	CNA
C137	CDKN2A	HETLOSS	CNA
C137	FGFR1	HETLOSS	CNA
C137	FOXA1	HETLOSS	CNA
C137	KRAS	HETLOSS	CNA
C137	NKX2-1	HETLOSS	CNA
C137	RB1	HETLOSS	CNA
C138	BRAF	GAIN	CNA
C138	CDKN2A	HETLOSS	CNA
C138	EGFR	HETLOSS	CNA
C138	ERBB2	AMP	CNA
C138	FGFR1	HETLOSS	CNA
C138	FOXA1	HETLOSS	CNA
C138	GATA3	AMP	CNA
C138	KRAS	HETLOSS	CNA
C138	MET	GAIN	CNA
C138	MYC	GAIN	CNA
C138	PIK3CA	GAIN	CNA
C138	RB1	HETLOSS	CNA
C138	SOX2	GAIN	CNA
C138	TP53	HETLOSS	CNA
C138	TP63	GAIN	CNA
C139	BRCA1	HETLOSS	CNA
C139	ERBB2	HETLOSS	CNA
C139	TP53	HETLOSS	CNA
C14	FGFR1	HETLOSS	CNA
C14	FOXA1	GAIN	CNA
C14	KRAS	HETLOSS	CNA
C14	MYC	GAIN	CNA
C14	NKX2-1	GAIN	CNA
C14	PIK3CA	HETLOSS	CNA
C14	SOX2	HETLOSS	CNA
C14	TP53	HETLOSS	CNA
C14	TP63	HETLOSS	CNA
C140	BRAF	HETLOSS	CNA
C140	CDKN2A	HETLOSS	CNA
C140	EGFR	HETLOSS	CNA
C140	GATA3	GAIN	CNA
C140	KRAS	GAIN	CNA
C140	MET	HETLOSS	CNA
C140	MYC	AMP	CNA
C140	PTEN	GAIN	CNA
C140	RB1	HETLOSS	CNA
C140	TP53	HETLOSS	CNA
C141	BRAF	HETLOSS	CNA
C141	CDKN2A	HETLOSS	CNA
C141	GATA3	GAIN	CNA
C141	KRAS	GAIN	CNA
C141	MET	HETLOSS	CNA
C141	MYC	AMP	CNA
C141	PTEN	GAIN	CNA
C141	RB1	HETLOSS	CNA
C142	BRCA1	HETLOSS	CNA
C142	ERBB2	HETLOSS	CNA
C142	FGFR1	GAIN	CNA
C142	FOXA1	HETLOSS	CNA
C142	MET	GAIN	CNA
C142	MYC	GAIN	CNA
C142	NKX2-1	HETLOSS	CNA
C142	PIK3CA	GAIN	CNA
C142	RB1	HETLOSS	CNA
C142	SOX2	GAIN	CNA
C142	TP53	HETLOSS	CNA
C142	TP63	GAIN	CNA
C143	FGFR1	HETLOSS	CNA
C143	MYC	GAIN	CNA
C143	RB1	HETLOSS	CNA
C143	TP53	HETLOSS	CNA
C144	BRCA1	GAIN	CNA
C144	CDKN2A	HETLOSS	CNA
C144	ERBB2	GAIN	CNA
C144	FOXA1	GAIN	CNA
C144	GATA3	GAIN	CNA
C144	MYC	HETLOSS	CNA
C144	NKX2-1	GAIN	CNA
C144	PIK3CA	GAIN	CNA
C144	RB1	HETLOSS	CNA
C144	SOX2	GAIN	CNA
C144	TP63	GAIN	CNA
C146	CDKN2A	HETLOSS	CNA
C146	FGFR1	HETLOSS	CNA
C146	MYC	AMP	CNA
C146	TP53	HETLOSS	CNA
C147	BRCA1	HETLOSS	CNA
C147	ERBB2	HETLOSS	CNA
C147	FGFR1	HETLOSS	CNA
C147	MYC	GAIN	CNA
C147	PIK3CA	GAIN	CNA
C147	PTEN	HETLOSS	CNA
C147	RB1	HETLOSS	CNA
C147	SOX2	GAIN	CNA
C147	TP53	HETLOSS	CNA
C147	TP63	GAIN	CNA
C148	CDKN2A	HETLOSS	CNA
C148	ERBB2	GAIN	CNA
C148	FOXA1	HETLOSS	CNA
C148	GATA3	GAIN	CNA
C148	MYC	GAIN	CNA
C148	NKX2-1	HETLOSS	CNA
C148	RB1	HETLOSS	CNA
C148	TP53	HETLOSS	CNA
C149	CCND1	GAIN	CNA
C149	RB1	HETLOSS	CNA
C15	CCND1	AMP	CNA
C15	CDKN2A	HETLOSS	CNA
C15	EGFR	AMP	CNA
C15	FGFR1	HETLOSS	CNA
C15	FOXA1	HETLOSS	CNA
C15	KRAS	HETLOSS	CNA
C15	MYC	AMP	CNA
C15	NKX2-1	HETLOSS	CNA
C15	PIK3CA	GAIN	CNA
C15	SOX2	GAIN	CNA
C15	TP53	HETLOSS	CNA
C15	TP63	GAIN	CNA
C150	CCND1	GAIN	CNA
C151	BRAF	HETLOSS	CNA
C151	EGFR	GAIN	CNA
C151	MET	HETLOSS	CNA
C151	TP53	HETLOSS	CNA
C151	TP63	HETLOSS	CNA
C152	BRCA1	HETLOSS	CNA
C152	CDKN2A	HETLOSS	CNA
C152	EGFR	HETLOSS	CNA
C152	ERBB2	HETLOSS	CNA
C152	FOXA1	HETLOSS	CNA
C152	GATA3	GAIN	CNA
C152	MYC	AMP	CNA
C152	NKX2-1	HETLOSS	CNA
C152	PTEN	HOMDEL	CNA
C152	RB1	HETLOSS	CNA
C152	TP53	HETLOSS	CNA
C154	CDKN2A	HETLOSS	CNA
C154	FGFR1	GAIN	CNA
C154	MYC	GAIN	CNA
C156	CCND1	GAIN	CNA
C156	PIK3CA	GAIN	CNA
C156	SOX2	GAIN	CNA
C156	TP63	GAIN	CNA
C157	BRAF	HETLOSS	CNA
C157	CCND1	HETLOSS	CNA
C157	CDKN2A	HETLOSS	CNA
C157	GATA3	GAIN	CNA
C157	KRAS	HETLOSS	CNA
C157	MET	HETLOSS	CNA
C157	MYC	GAIN	CNA
C157	PTEN	HETLOSS	CNA
C157	RB1	HETLOSS	CNA
C157	TP53	HETLOSS	CNA
C158	BRAF	GAIN	CNA
C158	CCND1	GAIN	CNA
C158	EGFR	GAIN	CNA
C158	MYC	GAIN	CNA
C159	CCND1	GAIN	CNA
C159	EGFR	GAIN	CNA
C159	KRAS	GAIN	CNA
C16	FOXA1	HETLOSS	CNA
C16	GATA3	HETLOSS	CNA
C16	MYC	GAIN	CNA
C16	PTEN	HETLOSS	CNA
C160	BRCA1	HETLOSS	CNA
C160	CCND1	HETLOSS	CNA
C160	CDKN2A	HETLOSS	CNA
C160	ERBB2	HETLOSS	CNA
C160	FGFR1	HETLOSS	CNA
C160	MYC	GAIN	CNA
C163	CDKN2A	HETLOSS	CNA
C163	FGFR1	GAIN	CNA
C163	MYC	GAIN	CNA
C163	TP53	HETLOSS	CNA
C164	BRCA1	GAIN	CNA
C164	CCND1	GAIN	CNA
C164	ERBB2	GAIN	CNA
C164	FGFR1	GAIN	CNA
C164	KRAS	GAIN	CNA
C164	MYC	GAIN	CNA
C164	RB1	HETLOSS	CNA
C166	BRCA1	GAIN	CNA
C166	CDKN2A	HETLOSS	CNA
C166	ERBB2	GAIN	CNA
C166	FGFR1	HETLOSS	CNA
C166	GATA3	GAIN	CNA
C166	PTEN	HETLOSS	CNA
C166	RB1	HETLOSS	CNA
C166	TP53	HETLOSS	CNA
C167	BRCA1	HETLOSS	CNA
C167	ERBB2	HETLOSS	CNA
C167	FGFR1	AMP	CNA
C167	MYC	AMP	CNA
C168	BRAF	GAIN	CNA
C168	EGFR	AMP	CNA
C168	FGFR1	GAIN	CNA
C168	GATA3	GAIN	CNA
C168	MET	HETLOSS	CNA
C168	MYC	GAIN	CNA
C168	PTEN	HETLOSS	CNA
C168	RB1	HETLOSS	CNA
C169	CCND1	AMP	CNA
C17	BRAF	GAIN	CNA
C17	BRCA1	GAIN	CNA
C17	CCND1	AMP	CNA
C17	CDKN2A	HOMDEL	CNA
C17	EGFR	AMP	CNA
C17	ERBB2	GAIN	CNA
C17	FGFR1	GAIN	CNA
C17	KRAS	GAIN	CNA
C17	MET	GAIN	CNA
C17	MYC	AMP	CNA
C17	PIK3CA	GAIN	CNA
C17	PTEN	HETLOSS	CNA
C17	RB1	GAIN	CNA
C17	SOX2	GAIN	CNA
C17	TP53	HETLOSS	CNA
C17	TP63	GAIN	CNA
C170	BRAF	GAIN	CNA
C170	CCND1	GAIN	CNA
C170	CDKN2A	GAIN	CNA
C170	EGFR	GAIN	CNA
C170	ERBB2	AMP	CNA
C170	GATA3	GAIN	CNA
C170	MET	GAIN	CNA
C170	MYC	GAIN	CNA
C170	PIK3CA	GAIN	CNA
C170	SOX2	GAIN	CNA
C170	TP63	GAIN	CNA
C172	CDKN2A	HETLOSS	CNA
C172	ERBB2	GAIN	CNA
C172	FOXA1	HETLOSS	CNA
C172	NKX2-1	HETLOSS	CNA
C172	RB1	HETLOSS	CNA
C172	TP53	HETLOSS	CNA
C173	BRAF	GAIN	CNA
C173	CDKN2A	HETLOSS	CNA
C173	EGFR	GAIN	CNA
C173	FGFR1	GAIN	CNA
C173	MET	GAIN	CNA
C173	MYC	GAIN	CNA
C173	TP53	HETLOSS	CNA
C174	BRAF	GAIN	CNA
C174	FOXA1	HETLOSS	CNA
C174	MET	GAIN	CNA
C174	MYC	GAIN	CNA
C174	NKX2-1	HETLOSS	CNA
C174	RB1	HETLOSS	CNA
C174	TP53	HETLOSS	CNA
C175	BRCA1	GAIN	CNA
C175	CDKN2A	GAIN	CNA
C175	ERBB2	GAIN	CNA
C175	FGFR1	GAIN	CNA
C175	FOXA1	GAIN	CNA
C175	MYC	GAIN	CNA
C175	NKX2-1	GAIN	CNA
C175	RB1	HETLOSS	CNA
C175	TP53	HETLOSS	CNA
C177	FGFR1	GAIN	CNA
C177	MYC	GAIN	CNA
C178	GATA3	HETLOSS	CNA
C178	KRAS	HETLOSS	CNA
C178	RB1	HETLOSS	CNA
C179	TP53	HETLOSS	CNA
C180	FGFR1	HETLOSS	CNA
C181	EGFR	GAIN	CNA
C181	FGFR1	GAIN	CNA
C181	MYC	GAIN	CNA
C181	RB1	HETLOSS	CNA
C184	BRAF	HETLOSS	CNA
C184	MET	HETLOSS	CNA
C185	RB1	HETLOSS	CNA
C186	BRCA1	HETLOSS	CNA
C186	CCND1	HETLOSS	CNA
C186	EGFR	GAIN	CNA
C186	ERBB2	HETLOSS	CNA
C186	RB1	HETLOSS	CNA
C189	EGFR	GAIN	CNA
C189	FGFR1	HETLOSS	CNA
C189	MYC	GAIN	CNA
C19	EGFR	GAIN	CNA
C19	FGFR1	GAIN	CNA
C19	GATA3	GAIN	CNA
C19	KRAS	HETLOSS	CNA
C19	MYC	GAIN	CNA
C19	PIK3CA	GAIN	CNA
C19	PTEN	GAIN	CNA
C19	RB1	HETLOSS	CNA
C19	SOX2	GAIN	CNA
C19	TP53	HETLOSS	CNA
C190	BRCA1	HETLOSS	CNA
C190	ERBB2	AMP	CNA
C190	FGFR1	GAIN	CNA
C190	MYC	GAIN	CNA
C190	TP53	HETLOSS	CNA
C192	BRCA1	HETLOSS	CNA
C192	CDKN2A	GAIN	CNA
C192	EGFR	GAIN	CNA
C192	ERBB2	HETLOSS	CNA
C192	KRAS	GAIN	CNA
C192	MYC	GAIN	CNA
C192	NKX2-1	GAIN	CNA
C192	PIK3CA	AMP	CNA
C192	SOX2	AMP	CNA
C192	TP63	GAIN	CNA
C194	CCND1	GAIN	CNA
C194	RB1	HETLOSS	CNA
C194	TP53	HETLOSS	CNA
C195	TP53	HETLOSS	CNA
C208	BRCA1	HETLOSS	CNA
C208	CCND1	GAIN	CNA
C208	CDKN2A	HETLOSS	CNA
C208	EGFR	AMP	CNA
C208	ERBB2	HETLOSS	CNA
C208	FGFR1	HETLOSS	CNA
C208	FOXA1	HETLOSS	CNA
C208	MYC	GAIN	CNA
C208	NKX2-1	HETLOSS	CNA
C208	TP53	HETLOSS	CNA
C21	BRCA1	GAIN	CNA
C21	CDKN2A	HETLOSS	CNA
C21	ERBB2	GAIN	CNA
C21	FGFR1	AMP	CNA
C21	FOXA1	GAIN	CNA
C21	GATA3	GAIN	CNA
C21	KRAS	GAIN	CNA
C21	MYC	AMP	CNA
C21	NKX2-1	GAIN	CNA
C21	PIK3CA	GAIN	CNA
C21	SOX2	GAIN	CNA
C21	TP53	HETLOSS	CNA
C21	TP63	GAIN	CNA
C215	CCND1	GAIN	CNA
C215	FOXA1	AMP	CNA
C215	GATA3	GAIN	CNA
C215	NKX2-1	AMP	CNA
C215	PIK3CA	HETLOSS	CNA
C215	SOX2	HETLOSS	CNA
C215	TP63	HETLOSS	CNA
C216	FOXA1	GAIN	CNA
C216	NKX2-1	GAIN	CNA
C22	BRAF	GAIN	CNA
C22	BRCA1	HETLOSS	CNA
C22	CCND1	HETLOSS	CNA
C22	CDKN2A	HETLOSS	CNA
C22	EGFR	GAIN	CNA
C22	ERBB2	HETLOSS	CNA
C22	FOXA1	GAIN	CNA
C22	GATA3	GAIN	CNA
C22	MET	GAIN	CNA
C22	MYC	GAIN	CNA
C22	NKX2-1	GAIN	CNA
C22	PIK3CA	HETLOSS	CNA
C22	PTEN	HETLOSS	CNA
C22	RB1	HETLOSS	CNA
C22	SOX2	HETLOSS	CNA
C22	TP53	HETLOSS	CNA
C22	TP63	HETLOSS	CNA
C23	BRAF	HETLOSS	CNA
C23	BRCA1	HETLOSS	CNA
C23	CCND1	AMP	CNA
C23	CDKN2A	HETLOSS	CNA
C23	ERBB2	AMP	CNA
C23	FGFR1	HETLOSS	CNA
C23	GATA3	GAIN	CNA
C23	MET	HETLOSS	CNA
C23	PIK3CA	HETLOSS	CNA
C23	PTEN	HETLOSS	CNA
C23	RB1	HETLOSS	CNA
C23	SOX2	HETLOSS	CNA
C23	TP53	HETLOSS	CNA
C23	TP63	HETLOSS	CNA
C25	KRAS	GAIN	CNA
C25	TP53	HETLOSS	CNA
C25	TP63	HETLOSS	CNA
C26	BRAF	GAIN	CNA
C26	BRCA1	HETLOSS	CNA
C26	CCND1	HETLOSS	CNA
C26	EGFR	GAIN	CNA
C26	ERBB2	HETLOSS	CNA
C26	MET	GAIN	CNA
C26	PIK3CA	HETLOSS	CNA
C26	RB1	HETLOSS	CNA
C26	SOX2	HETLOSS	CNA
C26	TP53	HETLOSS	CNA
C26	TP63	HETLOSS	CNA
C27	BRAF	GAIN	CNA
C27	CCND1	GAIN	CNA
C27	EGFR	GAIN	CNA
C27	FGFR1	GAIN	CNA
C27	FOXA1	GAIN	CNA
C27	GATA3	GAIN	CNA
C27	KRAS	HETLOSS	CNA
C27	SOX2	GAIN	CNA
C27	TP53	HETLOSS	CNA
C29	CDKN2A	GAIN	CNA
C29	EGFR	GAIN	CNA
C3	BRAF	GAIN	CNA
C3	BRCA1	GAIN	CNA
C3	CCND1	AMP	CNA
C3	CDKN2A	HETLOSS	CNA
C3	EGFR	GAIN	CNA
C3	ERBB2	GAIN	CNA
C3	FGFR1	GAIN	CNA
C3	KRAS	GAIN	CNA
C3	MET	GAIN	CNA
C3	RB1	HETLOSS	CNA
C30	CDKN2A	HETLOSS	CNA
C30	FGFR1	AMP	CNA
C30	MET	HETLOSS	CNA
C30	MYC	GAIN	CNA
C31	BRAF	HETLOSS	CNA
C33	BRCA1	HETLOSS	CNA
C33	CCND1	HETLOSS	CNA
C33	CDKN2A	HOMDEL	CNA
C33	EGFR	GAIN	CNA
C33	ERBB2	AMP	CNA
C33	FGFR1	HETLOSS	CNA
C33	FOXA1	HETLOSS	CNA
C33	GATA3	GAIN	CNA
C33	MYC	GAIN	CNA
C33	NKX2-1	HETLOSS	CNA
C33	PIK3CA	HETLOSS	CNA
C33	PTEN	HETLOSS	CNA
C33	SOX2	HETLOSS	CNA
C33	TP53	HETLOSS	CNA
C33	TP63	HETLOSS	CNA
C34	BRAF	GAIN	CNA
C34	CDKN2A	HETLOSS	CNA
C34	FGFR1	HETLOSS	CNA
C34	FOXA1	HETLOSS	CNA
C34	KRAS	HETLOSS	CNA
C34	MYC	GAIN	CNA
C34	NKX2-1	HETLOSS	CNA
C34	PTEN	HETLOSS	CNA
C34	RB1	HETLOSS	CNA
C35	MET	HETLOSS	CNA
C37	BRAF	HETLOSS	CNA
C37	ERBB2	HETLOSS	CNA
C37	FGFR1	GAIN	CNA
C37	FOXA1	HETLOSS	CNA
C37	MET	HETLOSS	CNA
C37	MYC	AMP	CNA
C37	NKX2-1	HETLOSS	CNA
C37	PIK3CA	GAIN	CNA
C37	PTEN	HETLOSS	CNA
C37	SOX2	GAIN	CNA
C37	TP53	HETLOSS	CNA
C37	TP63	GAIN	CNA
C38	BRCA1	HETLOSS	CNA
C38	CCND1	HETLOSS	CNA
C38	CDKN2A	GAIN	CNA
C38	EGFR	HETLOSS	CNA
C38	ERBB2	HETLOSS	CNA
C38	FGFR1	HETLOSS	CNA
C38	FOXA1	HETLOSS	CNA
C38	GATA3	HETLOSS	CNA
C38	KRAS	HETLOSS	CNA
C38	MYC	GAIN	CNA
C38	NKX2-1	HETLOSS	CNA
C38	PIK3CA	HETLOSS	CNA
C38	PTEN	HETLOSS	CNA
C38	RB1	HOMDEL	CNA
C38	SOX2	HETLOSS	CNA
C38	TP53	HETLOSS	CNA
C38	TP63	GAIN	CNA
C39	CDKN2A	HETLOSS	CNA
C39	RB1	HETLOSS	CNA
C39	TP53	HETLOSS	CNA
C41	GATA3	HETLOSS	CNA
C41	MYC	GAIN	CNA
C42	BRAF	HETLOSS	CNA
C42	CDKN2A	HETLOSS	CNA
C42	EGFR	GAIN	CNA
C42	FOXA1	HETLOSS	CNA
C42	KRAS	GAIN	CNA
C42	MET	HETLOSS	CNA
C42	MYC	GAIN	CNA
C42	NKX2-1	HETLOSS	CNA
C42	RB1	HETLOSS	CNA
C42	TP53	HETLOSS	CNA
C43	BRAF	GAIN	CNA
C43	BRCA1	HETLOSS	CNA
C43	CCND1	GAIN	CNA
C43	EGFR	GAIN	CNA
C43	ERBB2	HETLOSS	CNA
C43	MET	GAIN	CNA
C43	TP53	HETLOSS	CNA
C46	BRCA1	GAIN	CNA
C46	ERBB2	GAIN	CNA
C48	BRCA1	GAIN	CNA
C48	CCND1	GAIN	CNA
C48	ERBB2	GAIN	CNA
C48	FGFR1	HETLOSS	CNA
C48	KRAS	HETLOSS	CNA
C48	MYC	GAIN	CNA
C48	PIK3CA	GAIN	CNA
C48	RB1	HETLOSS	CNA
C48	SOX2	GAIN	CNA
C48	TP63	GAIN	CNA
C49	FGFR1	HETLOSS	CNA
C49	MYC	GAIN	CNA
C49	TP53	HETLOSS	CNA
C5	BRAF	GAIN	CNA
C5	BRCA1	HETLOSS	CNA
C5	CCND1	HETLOSS	CNA
C5	CDKN2A	HOMDEL	CNA
C5	EGFR	GAIN	CNA
C5	ERBB2	HETLOSS	CNA
C5	KRAS	HETLOSS	CNA
C5	MET	GAIN	CNA
C5	RB1	HETLOSS	CNA
C5	TP53	HETLOSS	CNA
C50	MYC	GAIN	CNA
C51	CCND1	GAIN	CNA
C51	RB1	HETLOSS	CNA
C51	TP53	GAIN	CNA
C53	CDKN2A	HETLOSS	CNA
C53	EGFR	GAIN	CNA
C53	TP53	HETLOSS	CNA
C55	MYC	GAIN	CNA
C56	FGFR1	GAIN	CNA
C56	GATA3	HETLOSS	CNA
C56	MYC	GAIN	CNA
C56	PTEN	HETLOSS	CNA
C57	BRAF	HETLOSS	CNA
C57	MET	HETLOSS	CNA
C57	PIK3CA	HETLOSS	CNA
C57	PTEN	HETLOSS	CNA
C57	SOX2	HETLOSS	CNA
C57	TP53	HETLOSS	CNA
C57	TP63	HETLOSS	CNA
C58	BRAF	GAIN	CNA
C58	BRCA1	HETLOSS	CNA
C58	CCND1	GAIN	CNA
C58	CDKN2A	GAIN	CNA
C58	EGFR	GAIN	CNA
C58	ERBB2	HETLOSS	CNA
C58	FGFR1	HETLOSS	CNA
C58	MET	GAIN	CNA
C58	MYC	HETLOSS	CNA
C58	RB1	GAIN	CNA
C58	TP53	HETLOSS	CNA
C59	CCND1	HETLOSS	CNA
C59	KRAS	GAIN	CNA
C59	RB1	HETLOSS	CNA
C6	BRAF	GAIN	CNA
C6	BRCA1	HETLOSS	CNA
C6	EGFR	GAIN	CNA
C6	ERBB2	AMP	CNA
C6	FGFR1	GAIN	CNA
C6	FOXA1	HETLOSS	CNA
C6	GATA3	HETLOSS	CNA
C6	MET	GAIN	CNA
C6	NKX2-1	HETLOSS	CNA
C6	PTEN	HETLOSS	CNA
C6	RB1	HETLOSS	CNA
C6	TP53	HETLOSS	CNA
C60	BRAF	GAIN	CNA
C60	BRCA1	HETLOSS	CNA
C60	CCND1	GAIN	CNA
C60	CDKN2A	HETLOSS	CNA
C60	EGFR	GAIN	CNA
C60	ERBB2	HETLOSS	CNA
C60	FGFR1	HETLOSS	CNA
C60	GATA3	GAIN	CNA
C60	KRAS	GAIN	CNA
C60	MYC	AMP	CNA
C60	PIK3CA	GAIN	CNA
C60	PTEN	GAIN	CNA
C60	RB1	HETLOSS	CNA
C60	SOX2	GAIN	CNA
C60	TP53	HETLOSS	CNA
C60	TP63	GAIN	CNA
C61	CDKN2A	GAIN	CNA
C61	ERBB2	GAIN	CNA
C61	FGFR1	GAIN	CNA
C61	GATA3	GAIN	CNA
C61	MYC	AMP	CNA
C62	BRAF	GAIN	CNA
C62	BRCA1	HETLOSS	CNA
C62	CDKN2A	HETLOSS	CNA
C62	EGFR	HETLOSS	CNA
C62	ERBB2	HETLOSS	CNA
C62	FOXA1	HETLOSS	CNA
C62	MET	HETLOSS	CNA
C62	MYC	GAIN	CNA
C62	NKX2-1	HETLOSS	CNA
C62	TP53	HETLOSS	CNA
C63	BRAF	GAIN	CNA
C63	BRCA1	HETLOSS	CNA
C63	CDKN2A	GAIN	CNA
C63	EGFR	GAIN	CNA
C63	ERBB2	HETLOSS	CNA
C63	FOXA1	HETLOSS	CNA
C63	MET	GAIN	CNA
C63	NKX2-1	HETLOSS	CNA
C63	PTEN	HOMDEL	CNA
C63	RB1	HETLOSS	CNA
C63	TP53	HETLOSS	CNA
C65	BRAF	HETLOSS	CNA
C65	CCND1	GAIN	CNA
C65	CDKN2A	HETLOSS	CNA
C65	ERBB2	HETLOSS	CNA
C65	FGFR1	HETLOSS	CNA
C65	FOXA1	HETLOSS	CNA
C65	GATA3	HETLOSS	CNA
C65	KRAS	HETLOSS	CNA
C65	MYC	GAIN	CNA
C65	NKX2-1	HETLOSS	CNA
C65	PIK3CA	GAIN	CNA
C65	PTEN	HETLOSS	CNA
C65	RB1	HETLOSS	CNA
C65	SOX2	GAIN	CNA
C65	TP53	HETLOSS	CNA
C66	BRCA1	GAIN	CNA
C66	CDKN2A	HETLOSS	CNA
C66	ERBB2	GAIN	CNA
C66	TP53	GAIN	CNA
C67	CCND1	HETLOSS	CNA
C67	FGFR1	GAIN	CNA
C67	KRAS	HETLOSS	CNA
C67	MYC	GAIN	CNA
C67	TP53	HETLOSS	CNA
C68	FGFR1	HETLOSS	CNA
C7	BRCA1	HETLOSS	CNA
C7	CCND1	HETLOSS	CNA
C7	CDKN2A	HETLOSS	CNA
C7	ERBB2	HETLOSS	CNA
C7	FOXA1	GAIN	CNA
C7	NKX2-1	AMP	CNA
C7	PTEN	HETLOSS	CNA
C7	RB1	HETLOSS	CNA
C7	TP53	HETLOSS	CNA
C70	BRAF	HETLOSS	CNA
C70	CCND1	GAIN	CNA
C70	CDKN2A	HETLOSS	CNA
C70	MET	HETLOSS	CNA
C70	TP53	HETLOSS	CNA
C71	CCND1	GAIN	CNA
C74	RB1	HETLOSS	CNA
C77	GATA3	HETLOSS	CNA
C77	PTEN	HETLOSS	CNA
C77	TP53	HETLOSS	CNA
C8	CDKN2A	HETLOSS	CNA
C8	MYC	GAIN	CNA
C8	RB1	HETLOSS	CNA
C80	RB1	HETLOSS	CNA
C81	BRAF	HETLOSS	CNA
C81	FGFR1	GAIN	CNA
C81	MET	HETLOSS	CNA
C82	BRAF	GAIN	CNA
C82	BRCA1	HETLOSS	CNA
C82	CCND1	GAIN	CNA
C82	CDKN2A	HETLOSS	CNA
C82	EGFR	GAIN	CNA
C82	ERBB2	HETLOSS	CNA
C82	FOXA1	HETLOSS	CNA
C82	MET	GAIN	CNA
C82	NKX2-1	HETLOSS	CNA
C82	TP53	HETLOSS	CNA
C83	BRCA1	HETLOSS	CNA
C83	CCND1	HETLOSS	CNA
C83	ERBB2	HETLOSS	CNA
C83	FGFR1	GAIN	CNA
C83	GATA3	HETLOSS	CNA
C83	MYC	GAIN	CNA
C83	PIK3CA	HETLOSS	CNA
C83	PTEN	HOMDEL	CNA
C83	RB1	HETLOSS	CNA
C83	SOX2	HETLOSS	CNA
C83	TP53	HETLOSS	CNA
C83	TP63	HETLOSS	CNA
C84	BRCA1	HETLOSS	CNA
C84	CDKN2A	HETLOSS	CNA
C84	EGFR	GAIN	CNA
C84	ERBB2	HETLOSS	CNA
C84	TP53	HETLOSS	CNA
C85	CDKN2A	HOMDEL	CNA
C85	FOXA1	HETLOSS	CNA
C85	GATA3	HETLOSS	CNA
C85	NKX2-1	HETLOSS	CNA
C85	PTEN	HETLOSS	CNA
C85	TP53	HETLOSS	CNA
C86	BRAF	HETLOSS	CNA
C86	ERBB2	HETLOSS	CNA
C86	FGFR1	GAIN	CNA
C86	FOXA1	HETLOSS	CNA
C86	KRAS	HETLOSS	CNA
C86	MYC	GAIN	CNA
C86	NKX2-1	HETLOSS	CNA
C86	PIK3CA	GAIN	CNA
C86	PTEN	HETLOSS	CNA
C86	RB1	HETLOSS	CNA
C87	CDKN2A	GAIN	CNA
C87	EGFR	GAIN	CNA
C87	FOXA1	GAIN	CNA
C87	MET	GAIN	CNA
C87	MYC	GAIN	CNA
C87	NKX2-1	GAIN	CNA
C87	PIK3CA	GAIN	CNA
C87	PTEN	HETLOSS	CNA
C87	SOX2	GAIN	CNA
C87	TP53	GAIN	CNA
C9	BRCA1	HETLOSS	CNA
C9	CCND1	HETLOSS	CNA
C9	ERBB2	AMP	CNA
C9	FGFR1	HETLOSS	CNA
C9	FOXA1	HETLOSS	CNA
C9	KRAS	GAIN	CNA
C9	NKX2-1	HETLOSS	CNA
C9	PIK3CA	HETLOSS	CNA
C9	SOX2	HETLOSS	CNA
C9	TP53	HETLOSS	CNA
C9	TP63	HETLOSS	CNA
C90	BRCA1	HETLOSS	CNA
C90	CCND1	GAIN	CNA
C90	ERBB2	HETLOSS	CNA
C90	FGFR1	HETLOSS	CNA
C90	FOXA1	HETLOSS	CNA
C90	NKX2-1	HETLOSS	CNA
C90	PIK3CA	GAIN	CNA
C90	SOX2	GAIN	CNA
C90	TP53	HETLOSS	CNA
C92	BRCA1	HETLOSS	CNA
C92	CDKN2A	HETLOSS	CNA
C92	ERBB2	HETLOSS	CNA
C92	FGFR1	HETLOSS	CNA
C92	FOXA1	HETLOSS	CNA
C92	GATA3	HETLOSS	CNA
C92	KRAS	GAIN	CNA
C92	MYC	GAIN	CNA
C92	NKX2-1	HETLOSS	CNA
C92	PIK3CA	GAIN	CNA
C92	PTEN	HETLOSS	CNA
C92	RB1	HETLOSS	CNA
C92	SOX2	GAIN	CNA
C92	TP53	HETLOSS	CNA
C93	CDKN2A	HETLOSS	CNA
C93	FOXA1	GAIN	CNA
C93	PIK3CA	GAIN	CNA
C93	RB1	HETLOSS	CNA
C93	SOX2	GAIN	CNA
C93	TP53	HETLOSS	CNA
C93	TP63	GAIN	CNA
C94	BRCA1	HETLOSS	CNA
C94	ERBB2	HETLOSS	CNA
C94	FGFR1	GAIN	CNA
C94	MYC	GAIN	CNA
C95	CCND1	GAIN	CNA
C95	FGFR1	AMP	CNA
C95	MYC	GAIN	CNA
C96	BRAF	HETLOSS	CNA
C96	BRCA1	GAIN	CNA
C96	CCND1	AMP	CNA
C96	CDKN2A	HOMDEL	CNA
C96	EGFR	GAIN	CNA
C96	ERBB2	GAIN	CNA
C96	FGFR1	GAIN	CNA
C96	MET	HETLOSS	CNA
C96	PIK3CA	HETLOSS	CNA
C96	TP53	GAIN	CNA
C97	CCND1	GAIN	CNA
C97	FGFR1	GAIN	CNA
C97	MYC	GAIN	CNA
C97	TP53	HETLOSS	CNA
C98	CDKN2A	HETLOSS	CNA
C98	FGFR1	GAIN	CNA
C98	FOXA1	GAIN	CNA
C98	MYC	AMP	CNA
C98	RB1	HETLOSS	CNA
C98	TP53	HETLOSS	CNA
C99	BRAF	GAIN	CNA
C99	BRCA1	HETLOSS	CNA
C99	ERBB2	AMP	CNA
C99	FOXA1	GAIN	CNA
C99	GATA3	GAIN	CNA
C99	MET	GAIN	CNA
C99	NKX2-1	GAIN	CNA
C99	PIK3CA	GAIN	CNA
C99	PTEN	HETLOSS	CNA
C99	RB1	HETLOSS	CNA
C99	SOX2	GAIN	CNA
C99	TP53	HETLOSS	CNA
C99	TP63	GAIN	CNA
H1002	BRAF	GAIN	CNA
H1002	CDKN2A	HETLOSS	CNA
H1002	FGFR1	HETLOSS	CNA
H1002	GATA3	GAIN	CNA
H1002	MET	GAIN	CNA
H1002	MYC	GAIN	CNA
H1002	PIK3CA	GAIN	CNA
H1002	PTEN	HETLOSS	CNA
H1002	RB1	HETLOSS	CNA
H1002	SOX2	GAIN	CNA
H1002	TP63	GAIN	CNA
H1033	FOXA1	GAIN	CNA
H1033	NKX2-1	GAIN	CNA
H1066	CDKN2A	HETLOSS	CNA
H1066	KRAS	HETLOSS	CNA
H1066	RB1	HETLOSS	CNA
H1157	BRAF	GAIN	CNA
H1157	CDKN2A	HETLOSS	CNA
H1157	EGFR	GAIN	CNA
H1157	GATA3	HETLOSS	CNA
H1157	MET	GAIN	CNA
H1157	PIK3CA	HETLOSS	CNA
H1157	PTEN	HETLOSS	CNA
H1157	SOX2	HETLOSS	CNA
H1157	TP63	HETLOSS	CNA
H1173	BRCA1	GAIN	CNA
H1173	CCND1	HETLOSS	CNA
H1173	CDKN2A	HETLOSS	CNA
H1173	EGFR	GAIN	CNA
H1173	ERBB2	GAIN	CNA
H1173	FGFR1	HETLOSS	CNA
H1173	GATA3	HETLOSS	CNA
H1173	PTEN	HETLOSS	CNA
H1173	RB1	HETLOSS	CNA
H1173	TP53	HETLOSS	CNA
H2057	GATA3	GAIN	CNA
H2057	KRAS	GAIN	CNA
H2057	MET	GAIN	CNA
H2057	MYC	GAIN	CNA
H2947	CCND1	HETLOSS	CNA
H2947	PIK3CA	HETLOSS	CNA
H2947	SOX2	HETLOSS	CNA
H2947	TP63	HETLOSS	CNA
H4010	BRAF	HETLOSS	CNA
H4010	FOXA1	GAIN	CNA
H4010	KRAS	HETLOSS	CNA
H4010	MET	HETLOSS	CNA
H4010	NKX2-1	GAIN	CNA
H4010	PTEN	HETLOSS	CNA
H4392	BRAF	GAIN	CNA
H4392	CCND1	GAIN	CNA
H4392	CDKN2A	HETLOSS	CNA
H4392	EGFR	GAIN	CNA
H4392	FGFR1	HETLOSS	CNA
H4392	MET	GAIN	CNA
H4392	MYC	HETLOSS	CNA
H4392	PIK3CA	GAIN	CNA
H4392	RB1	HETLOSS	CNA
H4392	SOX2	GAIN	CNA
H4392	TP53	HETLOSS	CNA
H4392	TP63	GAIN	CNA
H4457	KRAS	HETLOSS	CNA
H4712	CDKN2A	HOMDEL	CNA
H4712	FOXA1	HETLOSS	CNA
H4712	NKX2-1	HETLOSS	CNA
H4712	RB1	HETLOSS	CNA
H4712	TP53	HETLOSS	CNA
H4784	CDKN2A	HETLOSS	CNA
H4832	BRCA1	GAIN	CNA
H4832	CDKN2A	HETLOSS	CNA
H4832	ERBB2	GAIN	CNA
H4832	FGFR1	HETLOSS	CNA
H4832	MYC	AMP	CNA
H4832	RB1	HETLOSS	CNA
H4850	CDKN2A	HETLOSS	CNA
H4850	TP53	HETLOSS	CNA
H4854	BRAF	GAIN	CNA
H4854	EGFR	GAIN	CNA
H4854	FGFR1	HETLOSS	CNA
H4854	MET	GAIN	CNA
H4854	RB1	HETLOSS	CNA
H4883	MET	HETLOSS	CNA
H4883	MYC	GAIN	CNA
H4883	TP63	HETLOSS	CNA
H4885	CDKN2A	HETLOSS	CNA
H4885	EGFR	GAIN	CNA
H4885	FOXA1	GAIN	CNA
H4885	GATA3	HETLOSS	CNA
H4885	NKX2-1	GAIN	CNA
H4885	PTEN	HETLOSS	CNA
H4894	CCND1	HETLOSS	CNA
H4894	CDKN2A	HETLOSS	CNA
H4894	EGFR	GAIN	CNA
H4894	FGFR1	HETLOSS	CNA
H4894	GATA3	HETLOSS	CNA
H4894	KRAS	GAIN	CNA
H4894	PIK3CA	GAIN	CNA
H4894	PTEN	HETLOSS	CNA
H4894	RB1	HETLOSS	CNA
H4894	SOX2	GAIN	CNA
H4894	TP53	HETLOSS	CNA
H4894	TP63	GAIN	CNA
H4897	BRAF	GAIN	CNA
H4897	CDKN2A	HETLOSS	CNA
H4897	EGFR	HETLOSS	CNA
H4897	FGFR1	HETLOSS	CNA
H4897	MET	GAIN	CNA
H4897	MYC	HETLOSS	CNA
H4897	PIK3CA	GAIN	CNA
H4897	RB1	HETLOSS	CNA
H4897	SOX2	GAIN	CNA
H4897	TP63	GAIN	CNA
H4907	BRCA1	GAIN	CNA
H4907	ERBB2	GAIN	CNA
H4907	FGFR1	GAIN	CNA
H4907	KRAS	HETLOSS	CNA
H4907	MYC	GAIN	CNA
H4914	FOXA1	GAIN	CNA
H4914	MYC	GAIN	CNA
H4914	NKX2-1	GAIN	CNA
H4914	RB1	HETLOSS	CNA
H4943	BRAF	HETLOSS	CNA
H4943	CDKN2A	HETLOSS	CNA
H4943	EGFR	GAIN	CNA
H4943	FGFR1	HETLOSS	CNA
H4943	GATA3	HETLOSS	CNA
H4943	MET	HETLOSS	CNA
H4943	MYC	GAIN	CNA
H4943	PIK3CA	HETLOSS	CNA
H4943	PTEN	HETLOSS	CNA
H4943	RB1	HETLOSS	CNA
H4943	SOX2	HETLOSS	CNA
H4943	TP53	HETLOSS	CNA
H4943	TP63	HETLOSS	CNA
H4950	BRAF	GAIN	CNA
H4950	CCND1	HETLOSS	CNA
H4950	EGFR	AMP	CNA
H4950	FGFR1	GAIN	CNA
H4950	MET	GAIN	CNA
H4950	MYC	GAIN	CNA
H4950	NKX2-1	GAIN	CNA
H4950	PIK3CA	HETLOSS	CNA
H4950	RB1	HETLOSS	CNA
H4950	SOX2	HETLOSS	CNA
H4950	TP63	HETLOSS	CNA
H4956	FOXA1	GAIN	CNA
H4956	GATA3	HETLOSS	CNA
H4956	MYC	GAIN	CNA
H4956	NKX2-1	GAIN	CNA
H4956	PTEN	HETLOSS	CNA
H4966	CDKN2A	HETLOSS	CNA
H4966	FGFR1	HETLOSS	CNA
H4966	FOXA1	GAIN	CNA
H4966	GATA3	GAIN	CNA
H4966	NKX2-1	GAIN	CNA
H4966	RB1	HETLOSS	CNA
H4966	TP53	HETLOSS	CNA
H4971	BRAF	HETLOSS	CNA
H4971	CCND1	HETLOSS	CNA
H4971	CDKN2A	HETLOSS	CNA
H4971	EGFR	GAIN	CNA
H4971	ERBB2	GAIN	CNA
H4971	KRAS	GAIN	CNA
H4971	MET	HETLOSS	CNA
H4971	NKX2-1	HETLOSS	CNA
H4971	TP53	HETLOSS	CNA
H4982	FGFR1	HETLOSS	CNA
H4982	MYC	GAIN	CNA
H4999	BRCA1	GAIN	CNA
H4999	CCND1	GAIN	CNA
H4999	ERBB2	GAIN	CNA
H4999	FGFR1	GAIN	CNA
H4999	FOXA1	GAIN	CNA
H4999	GATA3	GAIN	CNA
H4999	KRAS	GAIN	CNA
H4999	MYC	GAIN	CNA
H4999	NKX2-1	GAIN	CNA
H4999	PIK3CA	GAIN	CNA
H4999	RB1	HETLOSS	CNA
H4999	SOX2	GAIN	CNA
H4999	TP63	GAIN	CNA
H5000	CDKN2A	HETLOSS	CNA
H5000	MYC	GAIN	CNA
H5002	TP63	HETLOSS	CNA
H5014	BRCA1	HETLOSS	CNA
H5014	CDKN2A	HOMDEL	CNA
H5014	EGFR	GAIN	CNA
H5014	ERBB2	HETLOSS	CNA
H5014	FGFR1	HETLOSS	CNA
H5014	KRAS	HETLOSS	CNA
H5014	PIK3CA	HETLOSS	CNA
H5014	PTEN	HETLOSS	CNA
H5014	SOX2	HETLOSS	CNA
H5014	TP53	HETLOSS	CNA
H5014	TP63	HETLOSS	CNA
H5033	MYC	GAIN	CNA
H5062	BRAF	GAIN	CNA
H5062	CDKN2A	GAIN	CNA
H5062	EGFR	GAIN	CNA
H5062	MET	GAIN	CNA
H5062	MYC	GAIN	CNA
H5062	PTEN	GAIN	CNA
H5074	CCND1	GAIN	CNA
H5074	GATA3	HETLOSS	CNA
H5074	MET	GAIN	CNA
H5074	MYC	GAIN	CNA
H5074	PIK3CA	GAIN	CNA
H5074	PTEN	HETLOSS	CNA
H5074	RB1	HETLOSS	CNA
H5074	SOX2	GAIN	CNA
H5074	TP53	HETLOSS	CNA
H5074	TP63	GAIN	CNA
H5078	CCND1	GAIN	CNA
H5078	CDKN2A	HETLOSS	CNA
H5078	EGFR	GAIN	CNA
H5078	FGFR1	HETLOSS	CNA
H5078	GATA3	HETLOSS	CNA
H5078	KRAS	GAIN	CNA
H5078	MYC	HETLOSS	CNA
H5078	RB1	HETLOSS	CNA
H5079	CDKN2A	HETLOSS	CNA
H5079	KRAS	HETLOSS	CNA
H5082	CCND1	GAIN	CNA
H5082	CDKN2A	HETLOSS	CNA
H5082	GATA3	GAIN	CNA
H5082	MYC	GAIN	CNA
H5093	BRAF	GAIN	CNA
H5093	CDKN2A	HETLOSS	CNA
H5093	MET	GAIN	CNA
H5093	PTEN	HETLOSS	CNA
H5093	TP53	HETLOSS	CNA
H5097	CDKN2A	HETLOSS	CNA
H5102	BRCA1	GAIN	CNA
H5102	CCND1	GAIN	CNA
H5102	EGFR	GAIN	CNA
H5102	ERBB2	GAIN	CNA
H5102	FGFR1	HETLOSS	CNA
H5102	FOXA1	GAIN	CNA
H5102	NKX2-1	GAIN	CNA
H5102	TP53	HETLOSS	CNA
H5104	BRCA1	HETLOSS	CNA
H5104	CDKN2A	HETLOSS	CNA
H5104	ERBB2	HETLOSS	CNA
H5104	GATA3	HETLOSS	CNA
H5104	PTEN	HETLOSS	CNA
H5104	TP53	HETLOSS	CNA
H5113	EGFR	GAIN	CNA
H5113	FGFR1	HETLOSS	CNA
H5113	FOXA1	GAIN	CNA
H5113	NKX2-1	GAIN	CNA
H5113	PTEN	HETLOSS	CNA
H5113	RB1	HETLOSS	CNA
H5188	BRAF	HETLOSS	CNA
H5188	CDKN2A	HETLOSS	CNA
H5188	EGFR	HETLOSS	CNA
H5188	FGFR1	HETLOSS	CNA
H5188	FOXA1	GAIN	CNA
H5188	GATA3	HETLOSS	CNA
H5188	KRAS	HETLOSS	CNA
H5188	MET	HETLOSS	CNA
H5188	MYC	GAIN	CNA
H5188	NKX2-1	GAIN	CNA
H5188	PIK3CA	HETLOSS	CNA
H5188	RB1	HETLOSS	CNA
H5188	SOX2	HETLOSS	CNA
H5188	TP53	HETLOSS	CNA
H5188	TP63	HETLOSS	CNA
H5203	CDKN2A	HETLOSS	CNA
H5203	MET	HETLOSS	CNA
H5203	MYC	GAIN	CNA
H5203	PIK3CA	HETLOSS	CNA
H5203	RB1	HETLOSS	CNA
H5203	SOX2	HETLOSS	CNA
H5203	TP63	HETLOSS	CNA
H5217	FGFR1	HETLOSS	CNA
H5217	GATA3	HETLOSS	CNA
H5217	PTEN	HETLOSS	CNA
H5217	RB1	HETLOSS	CNA
H5217	SOX2	HETLOSS	CNA
H5217	TP63	HETLOSS	CNA
H5236	BRAF	GAIN	CNA
H5236	CCND1	GAIN	CNA
H5236	EGFR	GAIN	CNA
H5236	FGFR1	GAIN	CNA
H5236	FOXA1	GAIN	CNA
H5236	MET	GAIN	CNA
H5236	MYC	GAIN	CNA
H5236	NKX2-1	GAIN	CNA
H5236	RB1	HETLOSS	CNA
H5279	CDKN2A	HETLOSS	CNA
H5279	EGFR	GAIN	CNA
H5279	FGFR1	HETLOSS	CNA
H5279	FOXA1	GAIN	CNA
H5279	MYC	GAIN	CNA
H5279	NKX2-1	GAIN	CNA
H5279	TP53	HETLOSS	CNA
H5295	BRCA1	GAIN	CNA
H5295	ERBB2	GAIN	CNA
H5295	GATA3	GAIN	CNA
H5295	MYC	GAIN	CNA
H5295	PIK3CA	HETLOSS	CNA
H5295	RB1	HETLOSS	CNA
H5295	SOX2	HETLOSS	CNA
H5295	TP53	HETLOSS	CNA
H5295	TP63	HETLOSS	CNA
H5296	BRCA1	HETLOSS	CNA
H5296	CDKN2A	GAIN	CNA
H5296	ERBB2	GAIN	CNA
H5296	FGFR1	GAIN	CNA
H5296	MET	AMP	CNA
H5296	MYC	GAIN	CNA
H5296	RB1	HETLOSS	CNA
H5296	TP53	HETLOSS	CNA
H5320	BRAF	GAIN	CNA
H5320	BRCA1	GAIN	CNA
H5320	CDKN2A	HETLOSS	CNA
H5320	EGFR	GAIN	CNA
H5320	ERBB2	GAIN	CNA
H5320	FGFR1	HETLOSS	CNA
H5320	GATA3	HETLOSS	CNA
H5320	KRAS	GAIN	CNA
H5320	MET	GAIN	CNA
H5320	MYC	GAIN	CNA
H5320	TP53	HETLOSS	CNA
H5342	RB1	HETLOSS	CNA
H5342	TP53	HETLOSS	CNA
H5351	BRAF	HETLOSS	CNA
H5351	EGFR	GAIN	CNA
H5351	MET	HETLOSS	CNA
H5351	TP53	HETLOSS	CNA
H5370	CDKN2A	HETLOSS	CNA
H5370	EGFR	GAIN	CNA
H5370	FGFR1	HETLOSS	CNA
H5370	KRAS	HETLOSS	CNA
H5370	PIK3CA	HETLOSS	CNA
H5370	SOX2	HETLOSS	CNA
H5370	TP63	HETLOSS	CNA
H5387	CDKN2A	HETLOSS	CNA
H5387	MYC	GAIN	CNA
H5387	PIK3CA	HETLOSS	CNA
H5387	RB1	HETLOSS	CNA
H5387	SOX2	HETLOSS	CNA
H5387	TP53	HETLOSS	CNA
H5387	TP63	HETLOSS	CNA
H5403	CCND1	HETLOSS	CNA
H5403	CDKN2A	HETLOSS	CNA
H5403	GATA3	HETLOSS	CNA
H5403	PTEN	HETLOSS	CNA
H5427	EGFR	GAIN	CNA
H5427	MYC	GAIN	CNA
H5427	TP53	HETLOSS	CNA
H5507	CDKN2A	HETLOSS	CNA
H5507	PIK3CA	HETLOSS	CNA
H5507	SOX2	HETLOSS	CNA
H5507	TP63	HETLOSS	CNA
H5536	CCND1	GAIN	CNA
H5536	CDKN2A	HETLOSS	CNA
H5536	FGFR1	HETLOSS	CNA
H5536	FOXA1	GAIN	CNA
H5536	KRAS	GAIN	CNA
H5536	MYC	GAIN	CNA
H5536	NKX2-1	GAIN	CNA
H5536	PTEN	HETLOSS	CNA
H5536	RB1	HETLOSS	CNA
H5538	TP63	GAIN	CNA
H5636	CDKN2A	HETLOSS	CNA
H5636	GATA3	GAIN	CNA
H5636	MYC	GAIN	CNA
H5636	TP63	HETLOSS	CNA
H5638	BRCA1	GAIN	CNA
H5638	CCND1	GAIN	CNA
H5638	EGFR	GAIN	CNA
H5638	ERBB2	GAIN	CNA
H5638	FGFR1	HETLOSS	CNA
H5638	GATA3	GAIN	CNA
H5638	KRAS	GAIN	CNA
H5638	MYC	GAIN	CNA
H5638	PIK3CA	GAIN	CNA
H5638	RB1	HETLOSS	CNA
H5638	SOX2	GAIN	CNA
H5638	TP63	GAIN	CNA
H698	CDKN2A	HETLOSS	CNA
H698	FOXA1	GAIN	CNA
H698	NKX2-1	GAIN	CNA
H698	RB1	HETLOSS	CNA
H708	CCND1	GAIN	CNA
H708	CDKN2A	HETLOSS	CNA
H708	FOXA1	GAIN	CNA
H708	GATA3	HETLOSS	CNA
H708	KRAS	GAIN	CNA
H708	MYC	GAIN	CNA
H708	NKX2-1	GAIN	CNA
H708	PIK3CA	HETLOSS	CNA
H708	SOX2	HETLOSS	CNA
H708	TP63	HETLOSS	CNA
H709	BRCA1	GAIN	CNA
H709	CDKN2A	HETLOSS	CNA
H709	ERBB2	GAIN	CNA
H709	GATA3	HETLOSS	CNA
H709	KRAS	HETLOSS	CNA
H709	MYC	GAIN	CNA
H709	PTEN	HETLOSS	CNA
H709	RB1	HETLOSS	CNA
H709	TP53	HETLOSS	CNA
H714	FGFR1	HETLOSS	CNA
H714	GATA3	HETLOSS	CNA
H714	KRAS	GAIN	CNA
H718	CDKN2A	HETLOSS	CNA
H718	FOXA1	HETLOSS	CNA
H718	MYC	GAIN	CNA
H718	NKX2-1	GAIN	CNA
H718	PTEN	HETLOSS	CNA
H718	RB1	HETLOSS	CNA
H718	TP53	HETLOSS	CNA
H734	GATA3	GAIN	CNA
H734	KRAS	HETLOSS	CNA
H734	MYC	GAIN	CNA
H734	RB1	HETLOSS	CNA
H734	TP53	HETLOSS	CNA
H737	CDKN2A	HETLOSS	CNA
H737	GATA3	GAIN	CNA
H737	TP63	GAIN	CNA
H739	CDKN2A	HETLOSS	CNA
H739	FGFR1	AMP	CNA
H739	KRAS	HETLOSS	CNA
H739	MYC	GAIN	CNA
H739	TP53	HETLOSS	CNA
H747	BRAF	HETLOSS	CNA
H747	BRCA1	GAIN	CNA
H747	CCND1	GAIN	CNA
H747	CDKN2A	GAIN	CNA
H747	ERBB2	GAIN	CNA
H747	FGFR1	HETLOSS	CNA
H747	FOXA1	AMP	CNA
H747	MET	HETLOSS	CNA
H747	MYC	GAIN	CNA
H747	NKX2-1	AMP	CNA
H747	TP53	HETLOSS	CNA
H769	CCND1	GAIN	CNA
H769	KRAS	GAIN	CNA
H769	TP53	HETLOSS	CNA
H772	BRAF	GAIN	CNA
H772	CCND1	GAIN	CNA
H772	EGFR	GAIN	CNA
H772	KRAS	HETLOSS	CNA
H772	MET	GAIN	CNA
H772	MYC	GAIN	CNA
H772	PIK3CA	GAIN	CNA
H772	RB1	HETLOSS	CNA
H772	SOX2	GAIN	CNA
H772	TP63	GAIN	CNA
H784	BRAF	GAIN	CNA
H784	EGFR	GAIN	CNA
H784	FGFR1	GAIN	CNA
H784	GATA3	GAIN	CNA
H784	MET	GAIN	CNA
H784	MYC	GAIN	CNA
H784	PTEN	GAIN	CNA
H788	EGFR	GAIN	CNA
H788	FGFR1	HETLOSS	CNA
H788	MET	GAIN	CNA
H788	MYC	GAIN	CNA
H788	TP53	HETLOSS	CNA
H796	BRAF	GAIN	CNA
H796	BRCA1	GAIN	CNA
H796	CDKN2A	GAIN	CNA
H796	EGFR	GAIN	CNA
H796	ERBB2	GAIN	CNA
H796	FGFR1	HETLOSS	CNA
H796	FOXA1	GAIN	CNA
H796	MYC	AMP	CNA
H796	NKX2-1	GAIN	CNA
H814	CCND1	GAIN	CNA
H814	FGFR1	GAIN	CNA
H814	GATA3	HETLOSS	CNA
H814	MYC	GAIN	CNA
H814	PTEN	HETLOSS	CNA
H814	RB1	HETLOSS	CNA
H815	CCND1	HETLOSS	CNA
H815	CDKN2A	HETLOSS	CNA
H815	FGFR1	GAIN	CNA
H815	FOXA1	GAIN	CNA
H815	NKX2-1	GAIN	CNA
H815	PIK3CA	GAIN	CNA
H815	PTEN	HETLOSS	CNA
H815	RB1	HETLOSS	CNA
H815	SOX2	GAIN	CNA
H815	TP53	HETLOSS	CNA
H815	TP63	GAIN	CNA
H817	BRCA1	GAIN	CNA
H817	CCND1	AMP	CNA
H817	CDKN2A	HETLOSS	CNA
H817	EGFR	GAIN	CNA
H817	ERBB2	GAIN	CNA
H817	FOXA1	GAIN	CNA
H817	KRAS	GAIN	CNA
H817	MET	GAIN	CNA
H817	MYC	GAIN	CNA
H817	NKX2-1	AMP	CNA
H817	PIK3CA	GAIN	CNA
H817	RB1	HETLOSS	CNA
H817	SOX2	GAIN	CNA
H817	TP63	GAIN	CNA
H836	BRCA1	HETLOSS	CNA
H836	CCND1	HETLOSS	CNA
H836	CDKN2A	HETLOSS	CNA
H836	EGFR	GAIN	CNA
H836	ERBB2	HETLOSS	CNA
H836	FGFR1	HETLOSS	CNA
H836	FOXA1	HETLOSS	CNA
H836	GATA3	HETLOSS	CNA
H836	KRAS	HETLOSS	CNA
H836	MET	GAIN	CNA
H836	MYC	GAIN	CNA
H836	NKX2-1	HETLOSS	CNA
H836	PTEN	HETLOSS	CNA
H836	RB1	HETLOSS	CNA
H836	TP53	HETLOSS	CNA
H844	CDKN2A	HETLOSS	CNA
H844	EGFR	GAIN	CNA
H844	FGFR1	HETLOSS	CNA
H844	FOXA1	HETLOSS	CNA
H844	GATA3	HETLOSS	CNA
H844	MYC	GAIN	CNA
H844	RB1	HETLOSS	CNA
H844	TP53	HETLOSS	CNA
H845	BRAF	GAIN	CNA
H845	BRCA1	GAIN	CNA
H845	EGFR	GAIN	CNA
H845	ERBB2	GAIN	CNA
H845	KRAS	GAIN	CNA
H845	MET	GAIN	CNA
H845	MYC	GAIN	CNA
H845	PIK3CA	GAIN	CNA
H845	SOX2	GAIN	CNA
H845	TP63	GAIN	CNA
H870	CCND1	GAIN	CNA
H870	KRAS	GAIN	CNA
H870	MYC	GAIN	CNA
H881	BRAF	GAIN	CNA
H881	BRCA1	GAIN	CNA
H881	EGFR	GAIN	CNA
H881	ERBB2	GAIN	CNA
H881	FGFR1	HETLOSS	CNA
H881	FOXA1	GAIN	CNA
H881	MET	GAIN	CNA
H881	NKX2-1	GAIN	CNA
H881	PIK3CA	HETLOSS	CNA
H881	RB1	HETLOSS	CNA
H881	SOX2	HETLOSS	CNA
H881	TP63	HETLOSS	CNA
H886	CDKN2A	HETLOSS	CNA
H890	FGFR1	GAIN	CNA
H890	FOXA1	GAIN	CNA
H890	GATA3	GAIN	CNA
H890	MET	GAIN	CNA
H890	NKX2-1	GAIN	CNA
H890	PIK3CA	GAIN	CNA
H890	RB1	HETLOSS	CNA
H890	SOX2	GAIN	CNA
H890	TP63	GAIN	CNA
H905	BRAF	HETLOSS	CNA
H905	CCND1	GAIN	CNA
H905	FGFR1	GAIN	CNA
H905	FOXA1	GAIN	CNA
H905	MET	HETLOSS	CNA
H905	MYC	GAIN	CNA
H905	NKX2-1	GAIN	CNA
H905	PIK3CA	GAIN	CNA
H905	PTEN	HETLOSS	CNA
H905	RB1	HETLOSS	CNA
H905	SOX2	GAIN	CNA
H905	TP53	HETLOSS	CNA
H905	TP63	GAIN	CNA
H933	BRCA1	GAIN	CNA
H933	CDKN2A	GAIN	CNA
H933	ERBB2	GAIN	CNA
H933	FGFR1	HETLOSS	CNA
H933	KRAS	GAIN	CNA
H933	MYC	GAIN	CNA
H933	PIK3CA	GAIN	CNA
H933	SOX2	GAIN	CNA
H933	TP63	GAIN	CNA
H967	CDKN2A	HETLOSS	CNA
H972	CDKN2A	HETLOSS	CNA
H972	FOXA1	HETLOSS	CNA
H979	BRAF	GAIN	CNA
H979	EGFR	GAIN	CNA
H979	KRAS	HETLOSS	CNA
H979	MET	GAIN	CNA
H979	MYC	GAIN	CNA
H979	RB1	HETLOSS	CNA
H979	TP53	HETLOSS	CNA
H992	BRCA1	GAIN	CNA
H992	CDKN2A	HETLOSS	CNA
H992	ERBB2	GAIN	CNA
H992	KRAS	GAIN	CNA
C113b	BRCA1	HETLOSS	CNA
C113b	ERBB2	GAIN	CNA
C113b	FGFR1	GAIN	CNA
C113b	FOXA1	GAIN	CNA
C113b	KRAS	HETLOSS	CNA
C113b	MET	HETLOSS	CNA
C113b	MYC	GAIN	CNA
C113b	NKX2-1	GAIN	CNA
C113b	PTEN	HETLOSS	CNA
C113b	TP53	HETLOSS	CNA
Cb10	BRCA1	HETLOSS	CNA
Cb10	CCND1	HETLOSS	CNA
Cb10	ERBB2	HETLOSS	CNA
Cb10	FOXA1	HETLOSS	CNA
Cb10	TP63	HETLOSS	CNA
Cb11	BRAF	GAIN	CNA
Cb11	CCND1	AMP	CNA
Cb11	EGFR	GAIN	CNA
Cb11	MET	GAIN	CNA
Cb12	BRAF	HETLOSS	CNA
Cb12	BRCA1	HETLOSS	CNA
Cb12	ERBB2	HETLOSS	CNA
Cb12	GATA3	HETLOSS	CNA
Cb12	MET	HETLOSS	CNA
Cb12	TP53	HETLOSS	CNA
Cb13	BRAF	HETLOSS	CNA
Cb13	FGFR1	AMP	CNA
Cb13	FOXA1	GAIN	CNA
Cb13	GATA3	GAIN	CNA
Cb13	MYC	GAIN	CNA
Cb13	NKX2-1	GAIN	CNA
Cb13	RB1	HETLOSS	CNA
Cb13	TP53	HETLOSS	CNA
Cb14	BRCA1	HETLOSS	CNA
Cb14	ERBB2	HETLOSS	CNA
Cb14	TP53	HETLOSS	CNA
Cb15	CCND1	GAIN	CNA
Cb15	PIK3CA	GAIN	CNA
Cb15	SOX2	GAIN	CNA
Cb15	TP63	GAIN	CNA
Cb17	CCND1	AMP	CNA
Cb17	CDKN2A	HOMDEL	CNA
Cb17	FGFR1	GAIN	CNA
Cb17	GATA3	GAIN	CNA
Cb17	MYC	GAIN	CNA
Cb17	RB1	HETLOSS	CNA
Cb17	TP53	HETLOSS	CNA
Cb18	BRAF	GAIN	CNA
Cb18	BRCA1	GAIN	CNA
Cb18	CDKN2A	GAIN	CNA
Cb18	EGFR	GAIN	CNA
Cb18	ERBB2	GAIN	CNA
Cb18	FGFR1	GAIN	CNA
Cb18	FOXA1	GAIN	CNA
Cb18	KRAS	GAIN	CNA
Cb18	MET	GAIN	CNA
Cb18	MYC	GAIN	CNA
Cb18	NKX2-1	GAIN	CNA
Cb18	PIK3CA	GAIN	CNA
Cb18	RB1	HETLOSS	CNA
Cb18	SOX2	GAIN	CNA
Cb18	TP53	HETLOSS	CNA
Cb18	TP63	GAIN	CNA
Cb22	FGFR1	GAIN	CNA
Cb22	GATA3	HETLOSS	CNA
Cb22	MYC	GAIN	CNA
Cb22	PIK3CA	GAIN	CNA
Cb22	SOX2	GAIN	CNA
Cb22	TP53	HETLOSS	CNA
Cb22	TP63	GAIN	CNA
Cb23	EGFR	GAIN	CNA
Cb23	FGFR1	HETLOSS	CNA
Cb23	MYC	GAIN	CNA
Cb24	FOXA1	HETLOSS	CNA
Cb24	KRAS	HETLOSS	CNA
Cb24	MET	HETLOSS	CNA
Cb24	NKX2-1	HETLOSS	CNA
Cb24	PIK3CA	HETLOSS	CNA
Cb24	SOX2	HETLOSS	CNA
Cb24	TP53	HETLOSS	CNA
Cb25	RB1	HETLOSS	CNA
Cb26	CCND1	GAIN	CNA
Cb26	FGFR1	GAIN	CNA
Cb26	MYC	GAIN	CNA
Cb28	BRCA1	GAIN	CNA
Cb28	CCND1	GAIN	CNA
Cb28	ERBB2	GAIN	CNA
Cb28	FGFR1	GAIN	CNA
Cb28	FOXA1	GAIN	CNA
Cb28	KRAS	GAIN	CNA
Cb28	MYC	GAIN	CNA
Cb28	NKX2-1	GAIN	CNA
Cb28	RB1	HETLOSS	CNA
Cb28	TP53	HETLOSS	CNA
Cb29	BRAF	HETLOSS	CNA
Cb29	BRCA1	HETLOSS	CNA
Cb29	CCND1	GAIN	CNA
Cb29	ERBB2	HETLOSS	CNA
Cb29	FGFR1	HETLOSS	CNA
Cb29	MET	HETLOSS	CNA
Cb29	TP53	HETLOSS	CNA
Cb31	BRAF	GAIN	CNA
Cb31	CCND1	HETLOSS	CNA
Cb31	CDKN2A	HETLOSS	CNA
Cb31	EGFR	GAIN	CNA
Cb31	FGFR1	HETLOSS	CNA
Cb31	MET	GAIN	CNA
Cb31	MYC	HETLOSS	CNA
Cb32	BRAF	HETLOSS	CNA
Cb32	BRCA1	HETLOSS	CNA
Cb32	CCND1	GAIN	CNA
Cb32	CDKN2A	HETLOSS	CNA
Cb32	ERBB2	HETLOSS	CNA
Cb32	FOXA1	HETLOSS	CNA
Cb32	GATA3	HETLOSS	CNA
Cb32	KRAS	HETLOSS	CNA
Cb32	MYC	HETLOSS	CNA
Cb32	NKX2-1	HETLOSS	CNA
Cb32	PTEN	HETLOSS	CNA
Cb32	RB1	HETLOSS	CNA
Cb32	TP53	HETLOSS	CNA
Cb4	BRAF	HETLOSS	CNA
Cb4	CCND1	AMP	CNA
Cb4	EGFR	HETLOSS	CNA
Cb4	FGFR1	GAIN	CNA
Cb4	MYC	GAIN	CNA
Cb4	RB1	HETLOSS	CNA
Cb4	TP53	HETLOSS	CNA
Cb5	FGFR1	AMP	CNA
Cb5	RB1	HETLOSS	CNA
Cb7	BRAF	GAIN	CNA
Cb7	CDKN2A	HETLOSS	CNA
Cb7	EGFR	GAIN	CNA
Cb7	MET	GAIN	CNA
Cb7	MYC	GAIN	CNA
Cb7	TP53	HETLOSS	CNA
